;;;;;;;;;;;;;;;;;;;;;top1;bottom1;strato1;top2;bottom2;strato2;top3;bottom3;strato3;top4;bottom4;strato4;top5;bottom5;strato5;top6;bottom6;strato6;top7;bottom7;strato7;;;;;;
15.902961;38.601989;176023;Calabria;VIBO VALENTIA;SPILINGA;150;1997;2;1.5;1;50;35;ND;ND;ND;ND;50;85;12.5;48.5;0;26;SABBIE CON INTERCALAZIONI LIMOSO-ARGILLOSO;26;50;GRANITI COMPLETAMENTE ALTERATI;50;85;GRANITI MODERATAMENTE ALTERATI. PRESENZA DI ZONE CON INTENSA FRATTURAZIONE. ZONA ACQUIFERA;85;150;GRANITI DEBOLMENTE ALTERATA. ELEVATA RESISTENZA ALLA PERFORAZIONE. ASSENZA DI ZONE CON FRATTURAZIONE ACQUIFERE;;;;;;;;;;;;;;;
16.045739;38.506989;176952;Calabria;REGGIO DI CALABRIA;ROSARNO;35;2005;10;8;1;4;31;ND;ND;ND;ND;6;30;3;22;0;35;DEPOSITO GHIAIOSO SABBIOSO CON INTERCALAZIONI LIMOSE;;;;;;;;;;;;;;;;;;;;;;;;
16.020778;38.377444;16721;Calabria;REGGIO DI CALABRIA;TAURIANOVA;100;ND;ND;ND;1;80;0;ND;ND;ND;ND;80;100;37;45;0;1;TERRENO VEGETALE;1;60;SABBIA E PIETRE;60;80;ARGILLA;80;100;SABBIA CON ACQUA;;;;;;;;;;;;;;;
16.106581;38.388661;177030;Calabria;REGGIO DI CALABRIA;SAN GIORGIO MORGETO;220;1990;25;16;1;130;90;ND;ND;ND;ND;130;220;150;180;0;45;SABBIE MEDIO-GROSSOLANE;45;54;ARGILLE LIMOSE;54;70;CONGLOMERATI POLIGENICI;70;130;ARGILLE LIMOSE;130;178;SABBIE MEDIO-GROSSOLANE, MEDIAMENTE COMPATTE;178;220;GRANITI CON GIUNTI DI FRATTURAZIONE, MASSIVI;;;;;;;;;
16.014911;38.458931;176984;Calabria;REGGIO DI CALABRIA;ROSARNO;75;1992;10;10;0;ND;ND;ND;ND;ND;ND;ND;ND;37;50;0;3;SABBIA;3;6;SABBIA E GHIAIA;6;38;SILTS ARGILLOSO;38;75;SABBIA GHIAIOSA CON CIOTTOLI;;;;;;;;;;;;;;;
15.946903;38.470611;16690;Calabria;REGGIO DI CALABRIA;ROSARNO;45;2008;4;2.95;1;25;15;ND;ND;ND;ND;ND;ND;24;26;0;5;TERRENO VEGETALE;5;25;SABBIA LIMOSA;25;35;SABBIA E GHIAIA;35;40;SABBIA LIMOSA;40;45;LIMO;;;;;;;;;;;;
15.971289;38.567819;175613;Calabria;VIBO VALENTIA;LIMBADI;120;1991;8;7;2;77;13;100;10;ND;ND;0;120;35;90;0;10;TERRENO VEGETALE;10;50;ARGILLA;50;120;CALCARE;;;;;;;;;;;;;;;;;;
15.981019;38.392539;177081;Calabria;REGGIO DI CALABRIA;TAURIANOVA;65;1989;20;900;1;30;35;ND;ND;ND;ND;ND;ND;20;30;0;3;TERRENO VEGETALE;3;30;SABBIONE;30;65;SABBIA E GHIAIA;;;;;;;;;;;;;;;;;;
16.019081;38.400039;176314;Calabria;REGGIO DI CALABRIA;CITTANOVA;45;1988;15;10;2;20;5;35;10;ND;ND;30;35;20;20;0;10;TERRENO VEGETALE;10;20;GHIAIA;20;45;SABBIA E GHIAIA;;;;;;;;;;;;;;;;;;
15.9574;38.570319;175664;Calabria;VIBO VALENTIA;LIMBADI;115;1991;6;5;2;70;10;85;10;ND;ND;0;115;41;70;0;10;TERRENO VEGETALE;10;50;CALCARE;50;70;GRANITO ALTERATO;70;75;SABBIONE;75;85;GRANITO COMPATTO;85;95;GRANITO ALTERATO;95;115;GRANITO COMPATTO;;;;;;
16.007961;38.54505;175858;Calabria;VIBO VALENTIA;SAN CALOGERO;90;1989;300;ND;1;60;30;ND;ND;ND;ND;ND;ND;ND;ND;0;61;ARGILLE SILTOSE;61;90;SABBIE A GRANULOMETRIA DA MEDIA A GROSSOLANA;;;;;;;;;;;;;;;;;;;;;
16.037131;38.56005;175850;Calabria;VIBO VALENTIA;SAN CALOGERO;138;1994;6;3;2;80;0.5;120;0.3;ND;ND;ND;ND;120;125;0;2;TERRENO VEGETALE;2;80;ARGILLA E SABBIA COMPATTA;80;138;SABBIA E ARGILLA;;;;;;;;;;;;;;;;;;
16.340469;38.477;175780;Calabria;VIBO VALENTIA;NARDODIPACE;110;1990;3.2;1.3;1;70;40;ND;ND;ND;ND;70;110;2.5;98.9;0;60;ARENARIE SCIOLTE PRODOTTI DI SOLIFLUSSIONE E DILAVAMENTO;60;85;GRANITO ALTERATO CON SVILUPPO DI UNA ALTERAZIONE ROSSASTRA E SOTTILI COPERTURE ALLUVIONALI;85;110;GRANITO FRATTURATO CON DIMINUZIONE DELLA FRATTURAZIONE IN PROFONDITA;;;;;;;;;;;;;;;;;;
16.005739;38.419769;176895;Calabria;REGGIO DI CALABRIA;RIZZICONI;72;1994;8;ND;3;30;4;45;5;64;8;ND;ND;35;45;0;2;TERRENO VEGETALE;2;26;MATERIALE ARGILLOSO;26;34;PIETRISCO E SABBIA;34;44;MATERIALE ARGILLOSO;44;72;SABBIA GHIAIOSA;;;;;;;;;;;;
15.989631;38.431711;176920;Calabria;REGGIO DI CALABRIA;RIZZICONI;65;1987;ND;ND;1;40;0;ND;ND;ND;ND;ND;ND;40;42;0;65;SABBIA E GHIAIA;;;;;;;;;;;;;;;;;;;;;;;;
15.867119;38.6031;175554;Calabria;VIBO VALENTIA;JOPPOLO;106;1993;4;2;1;78;10;ND;ND;ND;ND;ND;ND;50;80;0;5;TERRENO AGRARIO;5;42;CONGLOMERATI E SABBIA;42;70;GRANITO COMPATTO;70;80;GRANITO IN DISFACIMENTO;80;106;GRANITO COMPATTO;;;;;;;;;;;;
15.975469;38.365881;177097;Calabria;REGGIO DI CALABRIA;TAURIANOVA;152;1990;15;900;1;95;57;ND;ND;ND;ND;ND;ND;40;60;0;50;TUFO CON SABBIA;50;90;SABBIA MELMOSA;90;152;SABBIA E GHIAIA;;;;;;;;;;;;;;;;;;
16.029631;38.402269;176306;Calabria;REGGIO DI CALABRIA;CITTANOVA;84;1990;7;6;1;0;84;ND;ND;ND;ND;ND;ND;27;40;0;10;TERRENO UMIFERO;10;25;TUFO E ARGILLA;25;35;SABBIA;35;45;GHIAIA E SABBIA;45;84;SABBIA E GHIAIA E ACQUA;;;;;;;;;;;;
16.0288;38.439211;176299;Calabria;REGGIO DI CALABRIA;CITTANOVA;70;1995;5;4;1;40;30;ND;ND;ND;ND;ND;ND;25;35;0;2.5;HUMUS E TERRENO VEGETALE;2.5;16;PIETRISCO E SABBIA;16;32;CIOTTOLAME;32;55;ROCCIA;55;70;DESCRIZIONE LITOLOGICA MANCANTE;;;;;;;;;;;;
15.940469;38.392261;177006;Calabria;REGGIO DI CALABRIA;RIZZICONI;105;1992;15;15;1;60;45;ND;ND;ND;ND;ND;ND;26;26;0;3;VEGETALE;3;60;SABBIONE;60;105;SABBIA E GHIAIA;;;;;;;;;;;;;;;;;;
16.055461;38.489489;190960;Calabria;REGGIO DI CALABRIA;LAUREANA DI BORRELLO;180;ND;ND;ND;0;ND;ND;ND;ND;ND;ND;ND;ND;ND;ND;0;10;DEPOSITI ALLUVIONALI;10;100;SABBIE LIMO E ARGILLE LIMOSE;100;130;ARGILLE, ARGILLE LIMOSE E LIMI;130;180;CALCARI;;;;;;;;;;;;;;;
16.074081;38.387831;176327;Calabria;REGGIO DI CALABRIA;CITTANOVA;120;1993;10;9;2;0;35;70;50;ND;ND;ND;ND;15;30;0;1.5;HUMUS;1.5;8.5;CIOTTOLAME E PIETRISCO;8.5;35;ROCCIA GRANITICA;35;80;SABBIA SILICEA;80;120;ARGILLA COMPATTA;;;;;;;;;;;;
16.018519;38.4431;176964;Calabria;REGGIO DI CALABRIA;ROSARNO;95;1990;15;15;1;60;35;ND;ND;ND;ND;ND;ND;40;53;0;30;SABBIA E PIETRISCO;30;60;ARGILLA;60;95;SABBIA CON FALDE DI ACQUA;;;;;;;;;;;;;;;;;;
16.041019;38.435331;176346;Calabria;REGGIO DI CALABRIA;CITTANOVA;60;1988;5;5;1;0;30;ND;ND;ND;ND;ND;ND;10;25;0;1;HUMUS - TERRENO VEGETALE;1;4;SABBIA;4;7;SABBIA GROSSA;7;11;ROCCIA GRANITICA;11;60;ARGILLA COMPATTA;;;;;;;;;;;;
16.021569;38.558931;175836;Calabria;VIBO VALENTIA;SAN CALOGERO;160;1992;2.5;2;1;140;10;ND;ND;ND;ND;100;160;110;140;0;10;SABBIA;10;30;ROCCIA IN DISFACIMENTO CON SABBIA;30;80;ROCCIA FESSURATA;80;125;ROCCIA IN DISFACIMENTO;125;160;GRANITO;;;;;;;;;;;;
15.970239;38.358036;16711;Calabria;REGGIO DI CALABRIA;TAURIANOVA;40;ND;3;2.05;1;30;10;ND;ND;ND;ND;ND;ND;12;14.5;0;2;TERRENO VEGETALE;2;30;ARGILLA;30;40;SABBIA;;;;;;;;;;;;;;;;;;
16.030739;38.591711;175539;Calabria;VIBO VALENTIA;FILANDARI;100;1992;6;5;1;40;60;ND;ND;ND;ND;40;100;40;60;0;5;ARGILLA;5;35;TUFO CALCAREO;35;65;CALCAREO;65;80;TUFO CALCAREO;80;100;CALACRE TUFO E SABBIA;;;;;;;;;;;;
15.9688;38.41365;177014;Calabria;REGGIO DI CALABRIA;RIZZICONI;90;1993;11.5;10.333;2;16;5;75;12;ND;ND;ND;ND;55;60;0;4;TERRENO VEGETALE;4;16;ARGILLA;16;21;GHIAIA CON ACQUA;21;40;ARGILLA;40;60;SABBIA;60;75;ARGILLA;75;87;GHIAIA CON ACQUA;87;90;ARGILLA;;;
15.9688;38.415319;176924;Calabria;REGGIO DI CALABRIA;RIZZICONI;60;1991;8;7;2;1;5;40;20;ND;ND;40;60;50;55;0;10;TERRENO ARGILLOSO UMIFERO;10;20;TERRENO SABBIOSO;20;35;TERRENO ARGILLIFORME;35;45;TERRENO MISTO DI SABBIA E PIETRE;45;60;TERRENO FINO LIMOSO CON DISCRETA FALDA LIBERA;;;;;;;;;;;;
15.971617;38.556536;16763;Calabria;VIBO VALENTIA;LIMBADI;81;ND;5;2;1;70;5;ND;ND;ND;ND;60;80;30;35;0;2.3;TERRENO VEGETALE DI COLORE MARRONE - ROSSASTRO, SABBIOSO LIMOSO;2.3;35;ARGILLE SILTOSE PLIOCENICHE CON LIVELLI SILTOSO-SABBIOSI. MOLTO COMPATTI.;35;81;GRANITO S.L.;;;;;;;;;;;;;;;;;;
15.927689;38.374761;190981;Calabria;REGGIO DI CALABRIA;RIZZICONI;226;ND;18;ND;1;180;0;ND;ND;ND;ND;ND;ND;0;0;0;1;TERRENO VEGETALE;1;15;ARGILLE LIMOSE;15;180;ARGILLE;180;226;ALTERNANZE DI LIVELLI DI SABBIE E GHIAIE, CON INTERCALAZIONI DI LIMI ARGILLOSI E ARGILLE;;;;;;;;;;;;;;;
15.977969;38.391711;177125;Calabria;REGGIO DI CALABRIA;TAURIANOVA;55;1997;15;15;1;40;15;ND;ND;ND;ND;ND;ND;40;40;0;2;VEGETALE;2;40;SABBIOSO;40;55;SABBIA E GHIAIA;;;;;;;;;;;;;;;;;;
15.892689;38.424211;153906;Calabria;REGGIO DI CALABRIA;GIOIA TAURO;40;2003;ND;0.4;2;22;3;30;0;ND;ND;ND;ND;1.8;ND;0;0.8;TERRENO VEGETALE;0.8;25;SABBIA E GHIAIA SABBIOSA CON INTERCALAZIONI DI SILT ARGILLOSI DI SPESSORE COMUNQUE MODESTO;25;40;ARGILLA SILTOSA E SILT CON INTERVALLI DI SABBIE IN FALDA;;;;;;;;;;;;;;;;;;
15.935739;38.41865;176425;Calabria;REGGIO DI CALABRIA;GIOIA TAURO;170;1995;18;1080;1;100;70;ND;ND;ND;ND;ND;ND;100;100;0;2;TERRENO VEGETALE;2;60;SABBIA E GHIAIA;60;100;ARGILLA;100;170;SABBIA E GHIAIA;;;;;;;;;;;;;;;
15.966392;38.395233;16679;Calabria;REGGIO DI CALABRIA;RIZZICONI;115;2008;13.33;9;2;40;45;100;15;ND;ND;ND;ND;-1;2.5;0;3;TERRENO VEGETALE;3;28;GHIAIA CON SABBIA;28;68;SABBIA LIMOSA;68;85;SABBIA;85;100;ARGILLA;100;115;SABBIA CON LIVELLI ARENACEI;;;;;;;;;
16.0538;38.419219;176580;Calabria;REGGIO DI CALABRIA;POLISTENA;90;1990;6;5;2;0;30;31;59;ND;ND;ND;ND;20;40;0;2;TERRENO VEGETALE;2;30;PIETRISCO SILICEO;30;60;SABBIONE E GHIAIA;60;75;ARGILLA COMPATTA;75;90;ARGILLA LIMOSA E FALDA ACQUIFERA;;;;;;;;;;;;
16.06075;38.399489;176333;Calabria;REGGIO DI CALABRIA;CITTANOVA;80;1992;5;4;2;0;30;50;30;ND;ND;ND;ND;7;21;0;1.5;HUMUS E TERENO VEGETALE;1.5;10;ROCCIA VIVA;10;30;PIETRISCO E SABBIA;30;60;ARGILLA COMPATTA;60;80;ARGILLA E FALDA ACQUIFERA;;;;;;;;;;;;
15.967681;38.53115;175828;Calabria;VIBO VALENTIA;NICOTERA;110;1993;15;13;1;80;30;ND;ND;ND;ND;ND;ND;40;60;0;21;SABBIA E GHIAIA ROSSASTRA;21;62;ARGILLA GRIGIA;62;110;GRANITO BIOTITICO;;;;;;;;;;;;;;;;;;
16.036031;38.357539;177167;Calabria;REGGIO DI CALABRIA;TAURIANOVA;180;1995;5;3;1;170;10;ND;ND;ND;ND;ND;ND;58;60;0;10;SABBIE E SILTS;10;100;SABBIE E CIOTTOLI CON LIVELLI INTERCALATI LIMOSO-ARGILLOSO;100;180;SABBIE CON INTERCALAZIONI ARGILLOSE;;;;;;;;;;;;;;;;;;
16.047689;38.423939;176598;Calabria;REGGIO DI CALABRIA;POLISTENA;100;1997;10;8;2;0;40;41;59;ND;ND;ND;ND;30;45;0;1;TERRENO UMOSO;1;4;GHIAIA E PIETRISCO;4;34;ROCCIA VIVA;34;70;SABBIA FINE;70;100;ARGILLA COMPATTA;100;100;FALDA ACQUIFERA;;;;;;;;;
15.992969;38.444769;176843;Calabria;REGGIO DI CALABRIA;RIZZICONI;50;1991;15;15;1;26;24;ND;ND;ND;ND;ND;ND;26;26;0;2;VEGETALE;2;26;SABBIONE;26;50;SABBIA E GHIAIA;;;;;;;;;;;;;;;;;;
15.910739;38.436711;176441;Calabria;REGGIO DI CALABRIA;GIOIA TAURO;120;1991;15;900;1;100;20;ND;ND;ND;ND;ND;ND;40;42;0;3;TERRENO VEGETALE;3;80;SABBIONE;80;100;ARGILLA;100;120;SABBIA E GHIAIA;;;;;;;;;;;;;;;
16.0549;38.581989;175763;Calabria;VIBO VALENTIA;MILETO;80;1994;1.5;1.5;1;50;3;ND;ND;ND;ND;ND;ND;25;50;0;1;TERRENO VEGETALE;1;32;CALCARE;32;80;ARGILLOSO;;;;;;;;;;;;;;;;;;
15.989069;38.603381;175820;Calabria;VIBO VALENTIA;ROMBIOLO;90;1993;3.5;3;2;60;5;80;4;ND;ND;ND;ND;50;60;0;4;TERRENO AGRARIO;4;25;CALCARE E SABBIA;25;60;GRANITO IN DISFACIMENTO;60;65;GRANITO COMPATTO;65;80;GRANITO E CONGLOMERATO;80;85;GRANITO COMPATTO;85;90;GRANITO E CONGLOMERATI;;;;;;
16.064361;38.4156;176592;Calabria;REGGIO DI CALABRIA;POLISTENA;90;2005;ND;ND;1;55;0;ND;ND;ND;ND;ND;ND;24;66;0;2;TERRENO VEGETALE COSTITUITO DA ARGILLA LIMOSA DI COLORE MARRONE SCURO;2;15;ALTERNANZA DI LIVELLI SABBIOSO - GHIAIOSI DI NATURA ALLUVIONALE;15;40;ARGILLA SABBIOSA E SABBIA DI COLORE GIALLO, PRIVA DI FALDA ACQUIFERA;40;75;ALTERNANZA DI SABBIA E ARGILLA CON LIVELLI DI ARENARIA CHE OSPITANO UNA FALDA ACQUIFERA MOLTO CONSISTENTE;75;90;ARGILLA DI COLORE GRIGIO;;;;;;;;;;;;
15.980469;38.395319;177087;Calabria;REGGIO DI CALABRIA;TAURIANOVA;64;1995;7;ND;1;38;26;ND;ND;ND;ND;ND;ND;34;50;0;5;TERRENO VEGETALE;5;38;ARGILLOSO;38;64;PIETRISCO E SABBIA;;;;;;;;;;;;;;;;;;
16.051883;38.405811;16596;Calabria;REGGIO DI CALABRIA;POLISTENA;100;ND;16;11;0;ND;ND;ND;ND;ND;ND;ND;ND;40;47.9;0;7.5;DEPOSITI CONTINENTALI CONGLOMERATICI, SABBIOSI E LIMOSI DI ORIGINE ALLUVIONALE E FLUVIALE. PRESENTANO PERMEABILITA ELEVATA.;7.5;100;DEPOSITI SABBIOSI E SABBIOSO SILTOSI, DI COLORE BRUNO CHIARO, DI CHIARA ORIGINE MARINA. LE PARTICELLE SONO A GRANA DA FINE A GROSSOLANA, QUESTO COMPLESSO PRESENTA PERMEABILITA ELEVATA.;;;;;;;;;;;;;;;;;;;;;
16.04185;38.430881;176311;Calabria;REGGIO DI CALABRIA;CITTANOVA;85;1993;7.5;5.5;2;38;10;68;12;ND;ND;ND;ND;18;23;0;1;TERRENO VEGETALE;1;25;PIETRA DI FIUME E SABBIA;25;38;ARGILLA SABBIOSA GIALLA;38;48;SABBIA GIALLA CON ACQUA;48;68;ARGILLA BLU;68;80;SABBIA CON ACQUA;80;85;ARGILLA BLU;;;;;;
16.013519;38.436989;176902;Calabria;REGGIO DI CALABRIA;RIZZICONI;110;1992;6;5;2;0;40;70;40;ND;ND;ND;ND;19;42;0;3;HUMUS E TERRENO VEGETALE;3;15;ARGILLA COMPATTA;15;51;SABBIA E PIETRISCO;51;90;ARGILLA CALCAREA;90;110;ARGILLA LIMOSA E FALDA ACQUIFERA;;;;;;;;;;;;
15.985128;38.419442;16682;Calabria;REGGIO DI CALABRIA;RIZZICONI;39;ND;ND;ND;0;ND;ND;ND;ND;ND;ND;ND;ND;20;ND;0;1.75;TERRENO PEDOGENETICO SUPERFICIALE DI COPERTURA.;1.75;37.5;DEPOSITI CONTINENTALI CONGLOMERATICI, SABBIOSI E LIMOSI DI COLORE ROSSASTRO ED ORIGINE ALLUVIONALE. PRESENTANO PERMEABILITA ELEVATA.;37.5;39;DEPOSITI SABBIOSI E SABBIOSO SILTOSI, DI COLORE BRUNO CHIARO, DI ORIGINE CONTINENTALE. LE PARTICELLE SONO A GRANA DA FINE A GROSSOLANA, QUESTO COMPLESSO PRESENTA PERMEABILITA ELEVATA.;;;;;;;;;;;;;;;;;;
16.006289;38.546711;175973;Calabria;VIBO VALENTIA;SAN CALOGERO;120;ND;10;7;2;70;8;105;10;ND;ND;70;120;ND;ND;0;3.5;TERRENO AGRICOLO DI NATURA SABBIOSA LIMOSA,MARRONE;3.5;70;SABBIA A GRANULOMETRIA MEDIO GROSSOLANA CON LOCALI INCLUSIONI DI BLOCCHI GRANITICI;70;120;GRANITO BIOTITICO DEBOLMENTE ALTERATO A INREGRO,LOCALMENTE FRATTURATO;;;;;;;;;;;;;;;;;;
16.012969;38.424211;177024;Calabria;REGGIO DI CALABRIA;RIZZICONI;68;1995;7;ND;2;40;10;60;8;ND;ND;ND;ND;15;50;0;8;TERRENO VEGETALE;8;40;TERRENO ARGILLOSO;40;50;PIETRISCO E SABBIA;50;60;MATERIALE ARGILLOSO;60;68;PIETRISCO E SABBIA;;;;;;;;;;;;
16.038239;38.564769;175894;Calabria;VIBO VALENTIA;SAN CALOGERO;150;1993;5;4;2;60;14;120;12;ND;ND;ND;ND;70;90;0;4;TERRENO AGRARIO;4;36;CONGLOMERATI,SABBIA E ARGILLA;36;60;GRANITO IN DISFACIMENTO;60;74;GRANITO COMPATTO;74;120;CONGLOMERATI,RESIDUI GRANITI,ARGILLA;120;132;GRANITO COMPATTO;132;150;GRANITO IN DISFACIMENTO;;;;;;
15.979069;38.542819;175661;Calabria;VIBO VALENTIA;LIMBADI;170;1995;8;6;1;140;25;ND;ND;ND;ND;140;170;100;140;0;6;TERRENO VEGETALE;6;35;DEPOSITO CONTINENTALE SABBIE E CONGLOMERATI SABBIOSI IN MATRICE LIMOSA MARRONE;35;120;GRANITO DEBOLMENTE ALTERATO E POCO FRATTURATO;120;125;GRANITO ALTERATO;125;170;GRANITO INTEGRO;;;;;;;;;;;;
16.026581;38.383931;177132;Calabria;REGGIO DI CALABRIA;TAURIANOVA;125;1990;15;15;2;80;2;105;20;ND;ND;ND;ND;40;70;0;40;PIETRISCO MISTO A TUFO;40;80;SABBIA ARGILLOSA;80;82;FALDA SABBIOSA;82;105;ARGILLA;105;125;FALDA ACQUIFERA MISTO TUFO;;;;;;;;;;;;
15.914911;38.4231;176521;Calabria;REGGIO DI CALABRIA;GIOIA TAURO;65;1992;15;900;1;30;35;ND;ND;ND;ND;ND;ND;30;30;0;2;TERRENO VEGETALE;2;30;SABBIONE;30;65;SABBIA E GHIAIA;;;;;;;;;;;;;;;;;;
16.071289;38.570319;175746;Calabria;VIBO VALENTIA;MILETO;170;1994;1.16;1.16;2;145;1;155;2;ND;ND;ND;ND;120;150;0;1;TERRENO VEGETALE;1;90;ARGILLA MISTA CIOTTOLAME DETRITI;90;170;ARGILLA;;;;;;;;;;;;;;;;;;
16.001019;38.539489;175961;Calabria;VIBO VALENTIA;SAN CALOGERO;135;1994;3.5;3;1;125;5;ND;ND;ND;ND;99;135;70;100;0;5;HUMUS;5;40;ARGILLA;40;110;ARENARIE;110;135;ROCCIA;;;;;;;;;;;;;;;
16.012411;38.552819;175884;Calabria;VIBO VALENTIA;SAN CALOGERO;84;1991;7;7;2;40;3;49;1;ND;ND;ND;ND;50;60;0;1;TERRENO VEGETALE;1;40;ARGILLA;40;70;SABBIA;70;84;GRANITO;;;;;;;;;;;;;;;
15.960181;38.539761;175809;Calabria;VIBO VALENTIA;NICOTERA;100;1996;15;11.6;2;69;2;82;3;ND;ND;ND;ND;20;40;0;5;TERRENO VEGETALE;5;25;ARGILLA GRIGIA;25;100;ROCCIA GRANODIORITICA;;;;;;;;;;;;;;;;;;
15.9774;38.551989;175598;Calabria;VIBO VALENTIA;LIMBADI;95;1992;7;7;2;22;5;28;9;ND;ND;ND;ND;22;37;0;10;TERRENO VEGETALE;10;15;ROCCIA CALCAREA;15;70;ARGILLA;;;;;;;;;;;;;;;;;;
15.995469;38.4256;177010;Calabria;REGGIO DI CALABRIA;RIZZICONI;45;1988;15;15;2;30;5;40;5;ND;ND;ND;ND;30;30;0;5;TERRENO VEGETALE;5;30;SABBIOSO;30;45;SABBIA E GHIAIA;;;;;;;;;;;;;;;;;;
15.959911;38.5031;176219;Calabria;REGGIO DI CALABRIA;CANDIDONI;40;ND;11.667;ND;1;5;35;ND;ND;ND;ND;ND;ND;5;10.7;0;7;LIMO-ARGILLOSO;7;26;SABBIOSO;26;40;GHIAIOSO;;;;;;;;;;;;;;;;;;
15.925739;38.489489;176997;Calabria;REGGIO DI CALABRIA;SAN FERDINANDO;40;1993;14;12.33;1;30;8;ND;ND;ND;ND;ND;ND;18;23;0;1;TERRENO VEGETALE;1;3.5;SABBIA;3.5;30;ARGILLA;30;38;GHIAIA CON ACQUA;38;40;ARGILLA;;;;;;;;;;;;
16.067969;38.411161;176620;Calabria;REGGIO DI CALABRIA;POLISTENA;92;1990;19;10;2;32;22;70;20;ND;ND;ND;ND;15;30;0;2;TERRENO VEGETALE;2;12;PIETRA DI FIUME;12;24;SABBIA;24;32;ARGILLA GIALLA;32;54;SABBIA CON ACQUA;54;70;ARGILLA BLU;70;90;STRATI DI SABBIA;90;92;ARGILLA BLU;;;
15.911964;38.432831;16564;Calabria;REGGIO DI CALABRIA;GIOIA TAURO;50;ND;ND;10;1;40;0;ND;ND;ND;ND;ND;ND;32;35.1;0;1.8;TERRENO VEGETALE [SUOLO BRUNO-ROSSASTRO P.D.];1.8;15;SABBIE CONGLOMERATICHE CON LIVELLI FINI;15;50;SABBIE LIMOSE E LIMI SABBIOSI;;;;;;;;;;;;;;;;;;
16.098511;38.602831;175506;Calabria;VIBO VALENTIA;FRANCICA;80;1991;3;ND;2;16;2;25;35;ND;ND;ND;ND;60;ND;0;10;VEGETALE;10;20;SABBIA;20;80;ARGILLA;;;;;;;;;;;;;;;;;;
15.951631;38.368606;177112;Calabria;REGGIO DI CALABRIA;TAURIANOVA;85;1989;13;13;1;35;30;ND;ND;ND;ND;ND;ND;35;37;0;85;DEPOSITI CONTINENTALI ROSSASTRI COSTITUITI DA CONGLOMERATI SABBIOSI;;;;;;;;;;;;;;;;;;;;;;;;
16.092411;38.398661;176697;Calabria;REGGIO DI CALABRIA;POLISTENA;100;1997;6;5;2;0;18;18;82;ND;ND;ND;ND;30;45;0;2;TERRENO UMIFERO;2;30;TERRENO ROCCIOSO;30;45;GHIAIA E PIETRISCO;45;68;SABBIA FINE;68;100;ARGILLA COMPATTA;;;;;;;;;;;;
15.978519;38.5256;175690;Calabria;VIBO VALENTIA;LIMBADI;100;1992;9;9;2;80;3;96;4;ND;ND;ND;ND;30;80;0;1;TERRENO VEGETALE;1;55;CONGLOMERATI SABBIOSI MISTI A CIOTOLAME DETRITICI;55;100;ARGILLE SILTOSE;;;;;;;;;;;;;;;;;;
15.966289;38.573381;175602;Calabria;VIBO VALENTIA;LIMBADI;116;1992;6.6;6.6;2;88;7;96;20;ND;ND;ND;ND;88;100;0;5;TERRENO VEGETALE;5;70;ROCCIA CALCAREA;70;85;ARGILLA;85;116;SABBIA GROSSA;;;;;;;;;;;;;;;
15.96435;38.566711;175572;Calabria;VIBO VALENTIA;LIMBADI;218;1994;6.66;6.66;2;24;2;160;58;ND;ND;ND;ND;100;195;0;7;TERRENO VEGETALE;7;40;CALCARE;40;100;ARGILLA;100;218;GRANITO;;;;;;;;;;;;;;;
16.011183;38.376508;16706;Calabria;REGGIO DI CALABRIA;TAURIANOVA;70;ND;ND;ND;1;35;35;ND;ND;ND;ND;ND;ND;ND;ND;0;2;DEPOSITI CONTINENTALI CONGLOMERATICI, SABBIOSI E LIMOSI DI ORIGINE FLUVIALE;2;70;DEPOSITI CONTINENTALI CONGLOMERATICI, SABBIOSI E LIMOSI DI COLORE ROSSASTRO DI ORIGINE ALLUVIONALE AD ELEVATA PERMEABILITA;;;;;;;;;;;;;;;;;;;;;
15.975469;38.359481;177164;Calabria;REGGIO DI CALABRIA;TAURIANOVA;55;ND;120;90;1;30;0;ND;ND;ND;ND;ND;ND;ND;ND;0;6;ARGILLA DEBOLMENTE SABBIOSA DI COLORE MARRONE,IN PARTE COINCIDENTE CON LA COLTRE DI TERRENO VEGETALE;6;15;SABBIA RGILLOSA CON INTERCALAZIONI DI GHIAIA;15;55;SABBIA DEBOLMENTE GHIAIOSA;;;;;;;;;;;;;;;;;;
16.092961;38.58255;176350;Calabria;REGGIO DI CALABRIA;CITTANOVA;90;1995;6;4;1;0;90;ND;ND;ND;ND;ND;ND;20;32;0;1.5;HUMUS E TERRENO VEGETALE;1.5;7;TERRENO INERTE;7;25;SABBIA E PIETRISCO;25;60;ROCCIA VIVA;60;90;ARGILLA COMPATTA E SUCCESSIVA FALDA ACQUIFERA;;;;;;;;;;;;
16.041019;38.432831;176341;Calabria;REGGIO DI CALABRIA;CITTANOVA;100;1997;5;4;2;0;40;41;59;ND;ND;ND;ND;20;32;0;1.5;TERRENO VEGETALE;1.5;7.5;PIETRA E CIOTTOLAME;7.5;22;ROCCIA VIVA;22;57;SABBIA FINE;57;100;ARGILLA COMPATTA;;;;;;;;;;;;
15.963239;38.484761;176972;Calabria;REGGIO DI CALABRIA;ROSARNO;35;1988;20;20;1;15;20;ND;ND;ND;ND;ND;ND;9;9;0;10;MATERIALE ALLUVIONALE;10;15;ARGILLA;15;35;PIETRISCO CON CONGLOMERATI DI SABBIA;;;;;;;;;;;;;;;;;;
16.061019;38.405881;176577;Calabria;REGGIO DI CALABRIA;POLISTENA;100;1990;7;6;2;0;45;45;55;ND;ND;ND;ND;20;45;0;2;TERRENO UMIFERO;2;25;SABBIA E GHIAIA;25;60;SABBIA FINA E LIMO;60;80;ARGILLA COMPATTA;80;100;ARGILLA E FALDA ACQUIFERA;;;;;;;;;;;;
15.970139;38.568056;16766;Calabria;VIBO VALENTIA;LIMBADI;270;ND;6.37;5;1;190;80;ND;ND;ND;ND;190;270;50.45;52;0;4;sabbia limosa;4;190;SABBIE ARGILLOSE;190;264;SABBIE A GRANULOMETRIA MEDIO-GROSSA;264;270;ROCCE GRANITICHE;;;;;;;;;;;;;;;
15.934361;38.41865;176429;Calabria;REGGIO DI CALABRIA;GIOIA TAURO;115;1993;8;480;1;70;45;ND;ND;ND;ND;ND;ND;35;40;0;2;TERRENO VEGETALE;2;15;SABBIA;15;55;ARGILLA;55;70;GHIAIA;70;115;SABBIA E GHIAIA;;;;;;;;;;;;
15.982828;38.398228;16714;Calabria;REGGIO DI CALABRIA;TAURIANOVA;53;ND;12;8;0;ND;ND;ND;ND;ND;ND;ND;ND;32;37.5;0;1.8;TERRENO PEDOGENETICO SUPERFICIALE DI COPERTURA.;1.8;53;DEPOSITI CONTINENTALI CONGLOMERATICI, SABBIOSI E LIMOSI DI COLORE ROSSASTRO ED ORIGINE ALLUVIONALE. PRESENTANO PERMEABILITA ELEVATA.;;;;;;;;;;;;;;;;;;;;;
16.2038;38.508381;153930;Calabria;VIBO VALENTIA;DINAMI;40;2003;1;0.8;1;12;28;ND;ND;ND;ND;16;40;13;25;0;10;ALTERAZIONE DEL GRANITO;10;40;GRANITO FRATTURATO CON INTRUSIONI QUARZOSE;;;;;;;;;;;;;;;;;;;;;
15.982681;38.52615;175565;Calabria;VIBO VALENTIA;LIMBADI;165;2001;5;3;1;150;15;ND;ND;ND;ND;150;165;50;80;0;50;STRATO AGRARIO PIU SABBIA;50;150;ARGILLA;150;165;ARENARIA;;;;;;;;;;;;;;;;;;
15.929911;38.410319;176437;Calabria;REGGIO DI CALABRIA;GIOIA TAURO;110;1992;15;90;1;80;30;ND;ND;ND;ND;ND;ND;60;60;0;2;TERRENO VEGETALE;2;80;SABBIA;80;110;SABBIA E GHIAIA;;;;;;;;;;;;;;;;;;
15.99685;38.450881;176961;Calabria;REGGIO DI CALABRIA;ROSARNO;60;1989;15;15;1;45;15;ND;ND;ND;ND;ND;ND;40;45;0;3;TERRENO VEGETALE;3;45;SABBIONE;45;60;SABBIA E GHIAIA;;;;;;;;;;;;;;;;;;
16.036289;38.58755;175833;Calabria;VIBO VALENTIA;SAN CALOGERO;145;1996;2;1.5;1;135;5;ND;ND;ND;ND;121;145;90;125;0;5;HUMUS;5;25;SABBIA;25;120;SABBIA E GHIAIA;120;145;ROCCIA FRATTURATA;;;;;;;;;;;;;;;
16.067411;38.402819;176551;Calabria;REGGIO DI CALABRIA;POLISTENA;70;1993;5;300;2;16;5;45;20;ND;ND;ND;ND;10;12;0;3;TERRENO VEGETALE;3;11;PIETRA DI FIUME;11;16;ARGILLA GIALLA SABBIOSA;16;21;SABBIA GIALLA CON ACQUA;21;45;ARGILLA BIANCA;45;65;STRATI DI ARENARIA CON ACQUA;65;70;ARGILLA BLU;;;;;;
15.974911;38.445319;176565;Calabria;REGGIO DI CALABRIA;RIZZICONI;60;1988;15;15;2;40;5;55;5;ND;ND;50;52;45;45;0;5;TERRENO VEGETALE;5;60;GHIAIA E SABBIA;;;;;;;;;;;;;;;;;;;;;
15.974911;38.5481;175622;Calabria;VIBO VALENTIA;LIMBADI;85;1992;2.5;2.5;1;70;5;ND;ND;ND;ND;ND;ND;70;75;0;20;TERRENO VEGETALE;20;45;ROCCIA CALCAREA;45;65;ARGILLA;65;70;SABBIA MEDIA;70;85;GHIAIA;;;;;;;;;;;;
16.013519;38.417819;177043;Calabria;REGGIO DI CALABRIA;RIZZICONI;56;1995;5;ND;2;35;0;45;11;ND;ND;ND;ND;30;44;0;3;TERRENO VEGETALE;3;20;MATERIALE ARGILLOSO;20;56;PIETRISCO E SABBIA;;;;;;;;;;;;;;;;;;
16.083519;38.421989;176269;Calabria;REGGIO DI CALABRIA;CINQUEFRONDI;107;1990;6;5;2;0;35;36;71;ND;ND;ND;ND;20;40;0;3;TERRENO VEGETALE;3;12;SABBIONE E GHIAIA;12;45;SABBIA FINA E LIMO;45;70;ARGILLA E SABBIA;70;107;ARGILLA E ACQUA;;;;;;;;;;;;
16.057961;38.558931;175760;Calabria;VIBO VALENTIA;MILETO;152;1987;5;ND;2;30;5;125;27;ND;ND;132;152;65;90;0;5;TERRENO VEGETALE;5;35;SABBIA E GHIAIA;35;125;ARGILLA SILTOSA;125;152;SABBIA GROSSOLANA;;;;;;;;;;;;;;;
16.02685;38.541161;175856;Calabria;VIBO VALENTIA;SAN CALOGERO;177;1990;3;1.5;1;130;47;ND;ND;ND;ND;137;177;90;130;0;6;HUMUS;6;100;ARGILLA;100;177;SABBIE;;;;;;;;;;;;;;;;;;
15.991289;38.601989;175823;Calabria;VIBO VALENTIA;ROMBIOLO;80;1994;3.5;3;1;55;5;ND;ND;ND;ND;ND;ND;25;55;0;3;TERRENO AGRARIO;3;16;CONGLOMERATI IN DISFACIMENTO;16;55;GRANITO IN DISFACIMENTO;55;70;GRANITO COMPATTO;70;80;SABBIA GROSSOLANA;;;;;;;;;;;;
16.071717;38.351469;16552;Calabria;REGGIO DI CALABRIA;CITTANOVA;220;2002;4;2.5;2;22;8;140;60;ND;ND;144;180;120;128;0;54;TERRENO VEGETALE  CONGLOMERATI SABBIOSI E SABBIE GROSSOLANE;54;78;SABBIE E SILT ED ARGILLE SILTOSE ALTERATE RITROVATE IN ALTERNANZA;78;220;COMPLESSO DI ROCCE ACIDE COMPOSTE DA GRANITO E QUARZO - MONZONITE FRATTURATO;;;;;;;;;;;;;;;;;;
16.168519;38.517269;175499;Calabria;VIBO VALENTIA;DINAMI;98;1990;2;1.5;1;60;35;ND;ND;ND;ND;60;98;25;55;0;2.5;HUMUS;2.5;15;DEPOSITI CONTINENTALI ROSSASTRI;15;98;COMPLESSO DI ROCCE ACIDE BIOTITICHE [FRA LA QUARZO MONZONITE ED IL GRANITO];;;;;;;;;;;;;;;;;;
15.988519;38.442261;176881;Calabria;REGGIO DI CALABRIA;RIZZICONI;70;1991;15;900;1;55;15;ND;ND;ND;ND;ND;ND;45;45;0;3;TERRENO VEGETALE;3;55;SABBIONE;55;70;SABBIA E GHIAIA;;;;;;;;;;;;;;;;;;
15.921011;38.569211;175792;Calabria;VIBO VALENTIA;NICOTERA;40;1992;3.333;1.5;2;20;0.5;30;2;ND;ND;ND;ND;25;32;0;3;TERRENO VEGETALE;3;10;SABBIA;10;40;ROCCIA IN DISFACIMENTO;;;;;;;;;;;;;;;;;;
16.003528;38.380725;16719;Calabria;REGGIO DI CALABRIA;TAURIANOVA;48;ND;ND;1.5;0;ND;ND;ND;ND;ND;ND;35;48;30;31.3;0;6;ARGILLA DEBOLMENTE SABBIOSA DI COLORE MARRONE, IN PARTE COINCIDENTE CON LA COLTRE DI TERRENO VEGETALE.;6;15;SABBIA ARGILLOSA CON INTERCALAZIONI DI GHIAIA.;15;48;SABBIA DEBOLMENTE GHIAIOSA.;;;;;;;;;;;;;;;;;;
16.0163;38.3481;177179;Calabria;REGGIO DI CALABRIA;TAURIANOVA;110;1993;3.33;1;1;75;35;ND;ND;ND;ND;75;110;74;75;0;1;TERRENO VEGETALE;1;70;CONGLOMERATI SABBIOSI E SABBIE GROSSOLANE, ELEVATA PERMEABILITA;70;110;SABBIE CON SILTS ED ARGILLE SILTOSE. ELEVATA PERMEABILITA;;;;;;;;;;;;;;;;;;
16.022411;38.444769;176949;Calabria;REGGIO DI CALABRIA;ROSARNO;85;1988;12.5;720;2;40;5;64;21;ND;ND;ND;ND;15;46;0;45;SABBIONE;45;64;ARGILLA;64;85;SABBIA E GHIAIA;;;;;;;;;;;;;;;;;;
15.9713;38.436989;176907;Calabria;REGGIO DI CALABRIA;RIZZICONI;50;1992;15;900;1;38;12;ND;ND;ND;ND;ND;ND;35;35;0;2;TERRENO VEGETALE;2;38;SABBIONE;38;50;SABBIA E GHIAIA;;;;;;;;;;;;;;;;;;
16.04435;38.578661;175755;Calabria;VIBO VALENTIA;MILETO;105;1993;10;10;2;50;1;72;1;ND;ND;ND;ND;40;55;0;3;TERRENO VEGETALE;3;50;ARGILLA;50;60;MISTO SABBIA;60;72;ARGILLA E ARENARIE;72;85;SABBIA;85;95;ARENARIE;95;105;ARGILLA;;;;;;
15.9588;38.400881;176981;Calabria;REGGIO DI CALABRIA;RIZZICONI;100;1992;20;20;1;80;20;ND;ND;ND;ND;ND;ND;2;2;0;2;VEGETALE;2;80;SABBIOSO;80;100;SABBIA E GHIAIA;;;;;;;;;;;;;;;;;;
16.035469;38.460331;176371;Calabria;REGGIO DI CALABRIA;MELICUCCO;90;1992;6;5;2;0;40;50;40;ND;ND;ND;ND;18;29;0;2;TERRENO UMIFERO;2;25;ARGILLA COMPATTA;25;60;DESCRIZIONE LITOLOGICA MANCANTE;60;90;ARGILLA LIMOSA E FALDA ACQUIFERA;;;;;;;;;;;;;;;
15.962119;38.580319;175611;Calabria;VIBO VALENTIA;LIMBADI;176;1998;2;1.5;1;150;20;ND;ND;ND;ND;150;170;30;70;0;6;SUOLO AGRARIO;6;90;CALCARE;90;176;GRANITO A CONSISTENZA FRIABILE ;;;;;;;;;;;;;;;;;;
15.951519;38.545256;16773;Calabria;VIBO VALENTIA;NICOTERA;70;ND;ND;2;1;54;0;ND;ND;ND;ND;52;70;ND;ND;0;4;TERRENO VEGETALE;4;70;GRANITO FESSURATO;;;;;;;;;;;;;;;;;;;;;
16.012969;38.448931;177025;Calabria;REGGIO DI CALABRIA;ROSARNO;130;1990;20;1200;1;120;10;ND;ND;ND;ND;ND;ND;10;20;0;3;TERRENO VEGETALE;3;50;TERRENO SABBIOSO;50;75;ARGILLA;75;130;SABBIA E GHIAIA;;;;;;;;;;;;;;;
15.986861;38.390319;177076;Calabria;REGGIO DI CALABRIA;TAURIANOVA;74;1992;8;ND;1;45;29;ND;ND;ND;ND;ND;ND;38;48;0;2;TERRENO VEGETALE;2;22;ARGILLA;22;40;ARGILLA LIMO SABBIA;40;74;PIETRISCO E SABBIA;;;;;;;;;;;;;;;
16.070189;38.448381;176189;Calabria;REGGIO DI CALABRIA;ANOIA;148;1992;11;9.167;1;100;45;ND;ND;ND;ND;ND;ND;80;85;0;10;TERRENO VEGETALE;10;35;SABBIA;35;100;ARGILLA;100;145;GHIAIA CON ACQUA;145;148;ARGILLA;;;;;;;;;;;;
15.91685;38.42365;176526;Calabria;REGGIO DI CALABRIA;GIOIA TAURO;65;1992;15;900;1;30;35;ND;ND;ND;ND;ND;ND;30;30;0;2;TERRENO VEGETALE;2;30;SABBIONE;30;65;SABBIA E GHIAIA;;;;;;;;;;;;;;;;;;
15.937689;38.486711;176999;Calabria;REGGIO DI CALABRIA;SAN FERDINANDO;25;1993;5.5;5;1;20;5;ND;ND;ND;ND;3;18;20;23;0;10;SABBIE A GRANULOMETRIA MEDIO-FINE, LOCALMENTE GHIAIOSE. PRESENZA DI MATERIALE ORGANICO E TORBOSO E MATERIALE DI RIPORTO;10;25;SABBIE QUARZOSE A GRANULOMETRIA MEDIA;;;;;;;;;;;;;;;;;;;;;
16.027969;38.356431;177106;Calabria;REGGIO DI CALABRIA;TAURIANOVA;120;1990;15;900;2;70;5;100;20;ND;ND;ND;ND;59;60;0;2;TERRENO VEGETALE;2;70;GHIAIA;70;75;SABBIA E GHIAIA;75;100;TUFO;100;120;SABBIA CON FALDA;;;;;;;;;;;;
16.071861;38.394769;176780;Calabria;REGGIO DI CALABRIA;POLISTENA;102;1992;4;4;1;83;19;ND;ND;ND;ND;82;102;ND;ND;0;22;SABBIA E GHIAIA ROSSASTRA;22;50;SABBIA QUARZOSA MONOGRANULARE;50;82;ARGILLA GRIGIA CON INTERCALAZIONI SABBIOSE E SABBIOSO SILTOSE;82;102;ROCCIA INTRUSIVA;;;;;;;;;;;;;;;
16.016289;38.553939;176003;Calabria;VIBO VALENTIA;SAN CALOGERO;35;1998;2;1.7;1;23;12;ND;ND;ND;ND;23;35;12;15;0;0.9;TERRENO AGRARIO;0.9;18;CONGLOMERATI SABBIOSI ROSSASTRI;18;35;ARGILLE SILTOSE CON INTERCALAZIONI SABBIOSE;;;;;;;;;;;;;;;;;;
16.014911;38.5606;175937;Calabria;VIBO VALENTIA;SAN CALOGERO;170;1995;10;8;3;0;110;110;20;130;20;110;170;90;110;0;10;TERRENO VEGETALE;10;60;LIVELLO ILLEGIBILE;60;110;GRANITO COMPATTO;110;170;GRANITO IN DISFACIMENTO;;;;;;;;;;;;;;;
15.979081;38.438931;176829;Calabria;REGGIO DI CALABRIA;RIZZICONI;55;ND;ND;ND;1;15;0;ND;ND;ND;ND;ND;ND;ND;ND;0;3;SABBIA;3;6;SABBIA E GHIAIA;6;12;SILT ARGILLOSO;12;55;SABBIA GHIAIOSA E CIOTTOLI;;;;;;;;;;;;;;;
15.942689;38.414489;176431;Calabria;REGGIO DI CALABRIA;GIOIA TAURO;100;1993;100;480;1;90;10;ND;ND;ND;ND;ND;ND;50;55;0;2;TERRENO VEGETALE;2;57;SABBIA;57;90;SABBIA TUFACEA;90;100;SABBIA E GHIAIA;;;;;;;;;;;;;;;
16.02185;38.557539;175947;Calabria;VIBO VALENTIA;SAN CALOGERO;155;1992;2;1.8;1;135;15;ND;ND;ND;ND;131;155;75;126;0;4;HUMUS;4;125;ROCCIA IN DISFACIMENTO;125;155;GRANITO;;;;;;;;;;;;;;;;;;
16.012139;38.362819;177061;Calabria;REGGIO DI CALABRIA;TAURIANOVA;80;1990;10;600;3;40;0;50;10;60;20;60;80;65;75;0;20;TERRENO AGRARIO MEDIO IMPASTO A SFONDO UMIFERO;20;40;TERRENO RUFACEO-ARGILLOSO CON PRIMA FALDA FREATICA;40;60;TERRENO SABBIOSO CON SECONDA FALDA ACQUIFERA;60;80;TERRENO GHIAIOSO CON TERZA FALDA LIBERA;;;;;;;;;;;;;;;
16.01075;38.412819;176962;Calabria;REGGIO DI CALABRIA;RIZZICONI;50;1987;10;6;1;1;49;ND;ND;ND;ND;38;50;42;46;0;10;TERRENO AGRARIO DI MEDIO IMPORTO;10;25;TERRENO SABBIOSO;25;38;TERRENO ARGILLOSO;38;50;TERRENO GHIAIOSO;;;;;;;;;;;;;;;
15.999081;38.391711;177113;Calabria;REGGIO DI CALABRIA;TAURIANOVA;60;1991;15;15;1;40;20;ND;ND;ND;ND;ND;ND;30;31;0;3;VEGETALE;3;40;SABBIA;40;60;SABBIA E GHIAIA;;;;;;;;;;;;;;;;;;
16.012125;38.386544;16709;Calabria;REGGIO DI CALABRIA;TAURIANOVA;70;1988;21.5;19;1;50;0;ND;ND;ND;ND;ND;ND;60;60.4;0;1;TERRENO VEGETALE;1;7;SABBIA E ARGILLA;7;18;GHIAIA;18;70;ARGILLA;;;;;;;;;;;;;;;
15.980189;38.369211;177165;Calabria;REGGIO DI CALABRIA;TAURIANOVA;60;1989;15;15;1;40;20;ND;ND;ND;ND;ND;ND;40;42;0;3;TERRENO VEGETALE;3;40;SABBIONE;40;60;SABBIA E GHIAIA;;;;;;;;;;;;;;;;;;
16.049911;38.4181;176541;Calabria;REGGIO DI CALABRIA;POLISTENA;70;1992;4;3;1;0;70;ND;ND;ND;ND;ND;ND;1;10;0;8;TERRENO UMIFERO;8;16;SABBIA E PIETRISCO;16;35;ARGILLA CALCAREA;35;70;ARENARIA E FALDA ACQUIFERA;;;;;;;;;;;;;;;
16.052131;38.396989;176342;Calabria;REGGIO DI CALABRIA;CITTANOVA;150;1994;10;10;1;100;50;ND;ND;ND;ND;ND;ND;60;65;0;2;VEGETALE;2;23;GHIAIA;23;68;SABBIA;68;100;ARGILLA;100;150;SABBIA E GHIAIA;;;;;;;;;;;;
15.990739;38.579769;175659;Calabria;VIBO VALENTIA;LIMBADI;118;1992;6;5;1;95;10;ND;ND;ND;ND;ND;ND;80;85;0;6;TERRENI VEGETALE;6;60;CALCARE;60;90;GRANITO COMPATTO;90;118;ARENARIA E SABBIA;;;;;;;;;;;;;;;
16.034264;38.458297;16579;Calabria;REGGIO DI CALABRIA;MELICUCCO;140;ND;ND;ND;1;90;0;ND;ND;ND;ND;90;140;35;60;0;35;CONGLOMERATO;35;90;ARGILLA;90;140;ARENARIA;;;;;;;;;;;;;;;;;;
15.917969;38.42365;176461;Calabria;REGGIO DI CALABRIA;GIOIA TAURO;70;1989;20;1200;1;50;20;ND;ND;ND;ND;ND;ND;25;25;0;3;TERRENO VEGETALE;3;50;SABBIONE;50;70;SABBIA E GHIAIA;;;;;;;;;;;;;;;;;;
15.993239;38.45255;177022;Calabria;REGGIO DI CALABRIA;ROSARNO;68;1990;12.69;420;1;40;25;ND;ND;ND;ND;ND;ND;54;55.35;0;7.5;TERRENO ARGILLOSO;7.5;18;TERRENO ARGILLOSO SABBIOSO;18;68;TERRENO GHIAIOSO;;;;;;;;;;;;;;;;;;
16.053058;38.513769;16544;Calabria;REGGIO DI CALABRIA;CANDIDONI;50;ND;ND;23.3;1;8;0;ND;ND;ND;ND;ND;ND;7;7.8;0;1.6;STRATO DI ALTERAZIONE SUPERFICIALE;1.6;50;SABBIA E GHIAIA CON SOTTILI INTERCALAZIONI SILTOSO-ARGILLOSE;;;;;;;;;;;;;;;;;;;;;
15.96935;38.5656;175633;Calabria;VIBO VALENTIA;LIMBADI;270;1996;7;6;1;240;10;ND;ND;ND;ND;240;270;80;100;0;25;TERRENO VEGETALE;25;45;CALCARE;45;130;TUFO - LIMOSO;130;240;ARGILLA;240;270;ROCCIA IN DISFACIMENTO;;;;;;;;;;;;
16.050469;38.470881;176376;Calabria;REGGIO DI CALABRIA;FEROLETO DELLA CHIESA;200;1989;6;5;2;0;90;91;109;ND;ND;ND;ND;52;100;0;2;HUMUS E TERRENO VEGETALE;2;35;SABBIA COMUNE;35;93;ARGILLA BIANCA COMUNE;93;200;ARGILLA COOLINO COMPATTA;;;;;;;;;;;;;;;
16.048519;38.481439;176355;Calabria;REGGIO DI CALABRIA;LAUREANA DI BORRELLO;211;1991;12;10.333;1;170;36;ND;ND;ND;ND;ND;ND;40;44;0;2;TERRENO VEGETALE;2;18;SABBIA;18;170;ARGILLA;170;206;PIETRE CON ACQUA;206;211;ARGILLA;;;;;;;;;;;;
16.050803;38.407447;16594;Calabria;REGGIO DI CALABRIA;POLISTENA;82;ND;15;10;0;ND;ND;ND;ND;ND;ND;ND;ND;36;ND;0;7;DEPOSITI CONTINENTALI CONGLOMERATICI, SABBIOSI E LIMOSI DI ORIGINE ALLUVIONALE E FLUVIALE. PRESENTANO PERMEABILITA ELEVATA.;7;82;DEPOSITI SABBIOSI E SABBIOSO SILTOSI, DI COLORE BRUNO CHIARO, DI CHIARA ORIGINE MARINA. LE PARTICELLE SONO A GRANA DA FINE A GROSSOLANA, QUESTO COMPLESSO PRESENTA PERMEABILITA ELEVATA.;;;;;;;;;;;;;;;;;;;;;
15.991289;38.528381;175969;Calabria;VIBO VALENTIA;SAN CALOGERO;80;1992;10;10;1;60;10;ND;ND;ND;ND;60;80;62;68;0;15;ALLUVIONI STABILIZZATE;15;71;SABBIE MINACCE A GRANULOMETRIA VARIABILE DA MEDIA A GROSSOLANA;71;80;ARGILLE GRIGIE;;;;;;;;;;;;;;;;;;
16.082969;38.413939;176261;Calabria;REGGIO DI CALABRIA;CINQUEFRONDI;118;1990;3;3;2;0;60;61;57;ND;ND;ND;ND;30;50;0;2;HUMUS E TERRENI VEGETALI;2;48;SABBIA ROSSA E ARGILLA;48;68;SABBIA COMUNE BIANCA;68;101;SABBIA FINA;101;118;ARGILLA MOLTO COMPATTA;;;;;;;;;;;;
16.026581;38.419769;176331;Calabria;REGGIO DI CALABRIA;CITTANOVA;52;1988;20;15;3;10;2;19;6;45;7;ND;ND;10;25;0;15;TUFO GRIGIO;15;35;GHIAIA E SABBIA;35;52;SABBIONE;;;;;;;;;;;;;;;;;;
16.044911;38.4181;176659;Calabria;REGGIO DI CALABRIA;POLISTENA;102;1990;8;7;2;0;40;41;61;ND;ND;ND;ND;15;25;0;1;HUMUS E TERRENO VEGETALE;1;7;CIOTTOLAME E GHIAIA;7;20;PIETRAME DI SATURA VARIO;20;102;ARGILLA COMPATTA;102;102;FALDA ACQUIFERA;;;;;;;;;;;;
16.059639;38.424489;176603;Calabria;REGGIO DI CALABRIA;POLISTENA;86;1992;5;4;1;0;86;ND;ND;ND;ND;ND;ND;25;40;0;2;TERRENO UMIFERO;2;20;ARGILLA E SABBIA;20;50;PIETRISCO E SABBIA;50;70;ARGILLA COMPATTA;70;86;ARGILLA SABBIOSA E FALDA ACQUIFERA;;;;;;;;;;;;
16.00825;38.418381;176857;Calabria;REGGIO DI CALABRIA;RIZZICONI;56;1992;8;ND;3;15;1;24;5;32;24;ND;ND;16;40;0;1.6;TERRENO VEGETALE;1.6;15;ARGILLA;15;56;PIETRISCO E SABBIA;;;;;;;;;;;;;;;;;;
15.975461;38.467539;176956;Calabria;REGGIO DI CALABRIA;ROSARNO;55;1989;15;900;1;26;29;ND;ND;ND;ND;ND;ND;26;32;0;13;TERRENO VEGETALE;13;22;ARGILLA;22;55;SABBIA E GHIAIA;;;;;;;;;;;;;;;;;;
16.101417;38.529225;16698;Calabria;REGGIO DI CALABRIA;SERRATA;40;ND;ND;11.7;1;7.9;0;ND;ND;ND;ND;ND;ND;7;7.3;0;1;STRATO DI ALTERAZIONE SUPERFICIALE;1;40;SABBIA E GHIAIA CON SOTTILI INTERCALAZIONI SILTOSO-ARGILLOSE;;;;;;;;;;;;;;;;;;;;;
15.957961;38.57865;175680;Calabria;VIBO VALENTIA;LIMBADI;116;1991;3.5;2.5;1;98;14;ND;ND;ND;ND;98;116;80;105;0;4;TERRENO AGRARIO;4;70;ARGILLA;70;116;GRANITO IN DISFACIMENTO;;;;;;;;;;;;;;;;;;
16.047131;38.446161;176186;Calabria;REGGIO DI CALABRIA;ANOIA;90;1990;0.117;0.1;3;0;17;18;27;46;44;ND;ND;10;30;0;1;TERRENO VEGETALE;1;10;MISTO DI GHIAIA E CIOTTOLAME;10;90;ARGILLA CRETONATA COMPATTA;;;;;;;;;;;;;;;;;;
16.046019;38.508381;176953;Calabria;REGGIO DI CALABRIA;ROSARNO;35;2005;8;6;1;5.5;29.5;ND;ND;ND;ND;6;30;7;27;0;35;DEPOSITO GHIAIOSO SABBIOSO CON INTERCALAZIONI LIMOSE;;;;;;;;;;;;;;;;;;;;;;;;
16.006019;38.378931;177082;Calabria;REGGIO DI CALABRIA;TAURIANOVA;70;1993;10;6;1;60;10;ND;ND;ND;ND;50;70;55;63;0;10;STRATO UMIFERO TENDENTE AL SILICEO;10;20;TERRENO ARGILLOSO;20;50;TERRENO LIMOSO;50;70;TERRENO MISTO DI SABBIA E BRECCIO;;;;;;;;;;;;;;;
16.023239;38.448939;177031;Calabria;REGGIO DI CALABRIA;ROSARNO;95;1991;17;17;1;55;40;ND;ND;ND;ND;ND;ND;28;35;0;22;GHIAIA;22;55;ARGILLA;55;95;SABBIA E GHIAIA;;;;;;;;;;;;;;;;;;
16.077411;38.427269;176275;Calabria;REGGIO DI CALABRIA;CINQUEFRONDI;107;1990;6;5;2;60;10;100;7;ND;ND;ND;ND;20;40;0;3;TERRENO VEGETALE;3;12;SABBIONE E GHIAIA;12;45;SABBIA FINA E LIMO;45;70;ARGILLA E SABBIA;70;107;ARGILLA E ACQUA;;;;;;;;;;;;
16.022961;38.58005;175892;Calabria;VIBO VALENTIA;SAN CALOGERO;90;1993;6;5;1;70;10;ND;ND;ND;ND;ND;ND;55;70;0;4;TERRENO AGRARIO;4;50;ARENARIA COMPATTA;50;70;GRANITO COMPATTO;70;80;GRANITO IN DISFACIMENTO;80;90;CONGLOMERATI;;;;;;;;;;;;
16.007131;38.5581;175898;Calabria;VIBO VALENTIA;SAN CALOGERO;102;1992;6;5.5;2;58;2;88;3;ND;ND;ND;ND;25;60;0;2;TERRENO AGRARIO;2;25;ARGILLA;25;58;SABBIA;58;62;ARENARIA;62;88;ARGILLA;88;102;CALCARE;;;;;;;;;
16.066019;38.424489;176589;Calabria;REGGIO DI CALABRIA;POLISTENA;100;1992;5;4;2;0;40;80;20;ND;ND;ND;ND;12;29;0;1.5;HUMUS E TERRENO VEGETALE;1.5;8.5;ROCCIA VIVA;8.5;40;PIETRISCO E SABBIA;40;80;ARGILLA COMPATTA;80;100;ARGILLA LIMOSA E FALDA ACQUIFERA;;;;;;;;;;;;
15.966289;38.526711;175786;Calabria;VIBO VALENTIA;NICOTERA;95;1992;ND;ND;1;82;5;ND;ND;ND;ND;ND;ND;ND;ND;0;1;TERRENO VEGETALE;1;45;SABBIA DI COLORE GIALLASTRO;45;80;ARGILLA COMPATTA;80;82;ROCCIA FORMATA DA DETRITI ARROTONDATI;82;87;SABBIA E GHIAIA [FALDA ACQUIFERA];87;95;ARGILLA COMPATTA;;;;;;;;;
16.058631;38.577772;16770;Calabria;VIBO VALENTIA;MILETO;318;2005;3;2;1;280;10;ND;ND;ND;ND;276;312;80;87;0;0.8;TERRENO VEGETALE LIMOSO-ARGILLOSO DI COLORE ROSSO MATTONE;0.8;40;SABBIE GROSSOLANE BEN COSTIPATE, DI COLORE BRUNO CHIARO CON OCCASIONALI INTERCALAZIONI LIMOSE;40;60;SABBIE ARGILLOSE GRIGIO SCURE IN MATRICE LIMOSA;60;275;ARGILLE GRIGIO-AZZURRE CON OCCASIONALI LENTI LIMOSE E CONCREZIONI NERASTRE;275;318;SABBIE GROSSOLANE A CARATTERE LAPIDEO FRATTURATE E ALTERATE;;;;;;;;;;;;
15.9649;38.592261;175818;Calabria;VIBO VALENTIA;ROMBIOLO;130;2000;5;2.5;1;100;30;ND;ND;ND;ND;70;130;70;90;0;5;TERRENO VEGETALE;5;20;CALCAREE;20;130;ROCCIA GRANITICA;;;;;;;;;;;;;;;;;;
16.012969;38.429489;177007;Calabria;REGGIO DI CALABRIA;RIZZICONI;110;1992;12;12;1;80;30;ND;ND;ND;ND;ND;ND;30;35;0;3;TERRENO VEGETALE;3;40;SABBIONE;40;80;ARGILLA;80;110;SABBIA E GHIAIA;;;;;;;;;;;;;;;
15.9413;38.437819;176422;Calabria;REGGIO DI CALABRIA;GIOIA TAURO;41;1994;3;3;2;25;1;26;9;ND;ND;25;37;25.37;ND;0;3;SABBIA ROSSASTRA;3;8;SABBIA CON GHIAIA;8;25;SABBIA ROSSASTRA;25;26;CIOTTOLI E GHIAIA;26;35;SABBIA FINE ADDENSATA;35;41;SABBIA FINE;;;;;;;;;
15.960739;38.5506;175580;Calabria;VIBO VALENTIA;LIMBADI;118;1991;5;5;1;70;5;ND;ND;ND;ND;ND;ND;70;80;0;10;TERRENO;10;15;ROCCIA;15;118;GRANITO;;;;;;;;;;;;;;;;;;
15.969069;38.532819;175795;Calabria;VIBO VALENTIA;NICOTERA;105;1993;ND;ND;2;50;3;70;5;ND;ND;50;86;55;70;0;1;TERRENO VEGETALE;1;45;ROCCIA IN DISFACIMENTO;45;105;GRANITO;;;;;;;;;;;;;;;;;;
16.064631;38.4231;176792;Calabria;REGGIO DI CALABRIA;POLISTENA;70;1990;6;5;1;0;70;ND;ND;ND;ND;ND;ND;20;30;0;5;TERRENO UMIFERO;5;20;ROCCIA VIVA;20;35;SABBIA;35;50;FANGO E ARGILLA;50;70;CRETONE ED ACQUA;;;;;;;;;;;;
16.005156;38.508883;16547;Calabria;REGGIO DI CALABRIA;CANDIDONI;125;ND;3.5;1.5;1;75;50;ND;ND;ND;ND;75;125;2.85;ND;0;50;SABBIA LIMOSA;50;60;SABBIA;60;125;SABBIA E GHIAIA;;;;;;;;;;;;;;;;;;
15.951292;38.387444;16723;Calabria;REGGIO DI CALABRIA;TAURIANOVA;40;ND;ND;ND;0;ND;ND;ND;ND;ND;ND;ND;ND;27;ND;0;1.5;TERRENO HUMICO ELUVIALE. COLORE BRUNO ROSSASTRO;1.5;25;GHIAIE CON SABBIE. COLORE ROSSASTRO;25;40;SABBIE MEDIE. COLORE GIALLO ROSSASTRO;;;;;;;;;;;;;;;;;;
16.064081;38.402269;176630;Calabria;REGGIO DI CALABRIA;POLISTENA;80;1992;5;4;1;0;80;ND;ND;ND;ND;ND;ND;30;40;0;2;TERRENO VEGETALE;2;20;PIETRAME SILICIO;20;60;SABBIONE E GHIAIA;60;80;ARGILLA E LIMO E FALDA ACQUIFERA;;;;;;;;;;;;;;;
16.012131;38.555319;175879;Calabria;VIBO VALENTIA;SAN CALOGERO;134;1994;12;10;1;80;54;ND;ND;ND;ND;ND;ND;40;40;0;2;TERRENO VEGETALE;2;80;ARGILLA;80;134;SABBIA E GHIAIA;;;;;;;;;;;;;;;;;;
16.010189;38.416431;176885;Calabria;REGGIO DI CALABRIA;RIZZICONI;56;ND;ND;ND;1;48;0;ND;ND;ND;ND;ND;ND;ND;ND;0;10;TERRENO SILICEO UMIFERO;10;40;TERRENO TENDENTE AL CRETOSO;40;56;TERRENO GHIAIOSO CON FALDA ACQUIFERA;;;;;;;;;;;;;;;;;;
15.945589;38.413461;16562;Calabria;REGGIO DI CALABRIA;GIOIA TAURO;50;ND;10;9;1;32;16;ND;ND;ND;ND;ND;ND;30;31;0;1.5;TERRENO VEGETALE;1.5;50;SABBIA E GHIAIA;50;50;ARGILLE;;;;;;;;;;;;;;;;;;
16.0513;38.370881;177103;Calabria;REGGIO DI CALABRIA;TAURIANOVA;137.5;1993;25;16.667;3;30.5;24.5;85;5;105;5;ND;ND;50;70;0;7.5;TERRENO VEGETALE;7.5;30.5;CIOTTOLI CON SABBIA;30.5;55;SABBIA PIU ACQUA;55;64.5;TUFO;64.5;80;SABBIA;80;85;TUFO;85;100;SABBIA PIETRIFICATA;100;105;ARGILLA;105;137.5;SABBIA PIETRIFICATA
15.983519;38.420319;176926;Calabria;REGGIO DI CALABRIA;RIZZICONI;50;1987;ND;ND;1;30;0;ND;ND;ND;ND;ND;ND;25;26;0;50;SABBIA E GHIAIA;;;;;;;;;;;;;;;;;;;;;;;;
16.012969;38.411431;176297;Calabria;REGGIO DI CALABRIA;CITTANOVA;60;1994;5;ND;2;21;9;45;15;ND;ND;ND;ND;25;30;0;3;TERRENO VEGETALE;3;35;PIETRISCO;35;50;SABBIA ACQUIFERA;50;60;SABBIA ARGILLOSA;;;;;;;;;;;;;;;
15.984631;38.525881;175570;Calabria;VIBO VALENTIA;LIMBADI;155;2001;4.5;3.5;1;130;25;ND;ND;ND;ND;130;155;40;80;0;50;STRATO AGRARIO PIU SABBIA;50;130;ARGILLA;130;155;ARENARIA;;;;;;;;;;;;;;;;;;
15.932961;38.454769;176435;Calabria;REGGIO DI CALABRIA;GIOIA TAURO;50;1991;15;900;1;30;20;ND;ND;ND;ND;ND;ND;30;31;0;2;TERRENO VEGETALE;2;30;SABBIONE;30;50;SABBIA E GHIAIA;;;;;;;;;;;;;;;;;;
15.959081;38.394769;176825;Calabria;REGGIO DI CALABRIA;RIZZICONI;50;1990;14;840;1;25;25;ND;ND;ND;ND;ND;ND;22;22;0;3;TERRENO VEGETALE;3;25;SABBIA;25;50;SABBIA E FALDA ACQUIFERA;;;;;;;;;;;;;;;;;;
16.0438;38.4256;176380;Calabria;REGGIO DI CALABRIA;MELICUCCO;83;1988;7;6;1;0;83;ND;ND;ND;ND;ND;ND;15;30;0;1;HUMUS E TERRENO VEGETALE;1;5;GHIAIA E CIOTTOLAME;5;9;SABBIA GROSSA E FINE;9;17;ROCCIA GRANITICA;17;83;ARGILLA COMPATTA CALCAREA;;;;;;;;;;;;
16.014081;38.432539;176832;Calabria;REGGIO DI CALABRIA;RIZZICONI;102;1993;8;ND;2;35;12;77;25;ND;ND;ND;ND;ND;ND;0;6;TERRENO VEGETALE;6;30;MATERIALE ARGILLOSO;30;48;SABBIA E PIETRISCO;48;75;MATERIALE ARGILLOSO;75;102;STRATO SABBIOSO;;;;;;;;;;;;
15.945147;38.369056;16712;Calabria;REGGIO DI CALABRIA;TAURIANOVA;180;ND;10;7.5;2;35;35;120;38;ND;ND;ND;ND;25;28.5;0;4;TERRENO VEGETALE;4;35;LIMO ARGILLOSO;35;70;GHIAIA E SABBIA;70;95;LIMO SABBIOSO;95;120;ARGILLA;120;148;ARENARIA;148;180;ARGILLA;;;;;;
16.0488;38.41755;176686;Calabria;REGGIO DI CALABRIA;POLISTENA;95;1990;7;6;1;0;95;ND;ND;ND;ND;ND;ND;1;20;0;1;HUMUS E TERRENO VEGETALE;1;7;CIOTTOLAME E GHIAIA;7;20;PIETRAME DI NATURA VARIA;20;95;ARGILLA COMPATTA;;;;;;;;;;;;;;;
16.2163;38.518939;153928;Calabria;VIBO VALENTIA;ACQUARO;125;2003;2;1.8;2;5;7;58;67;ND;ND;65;125;64;105;0;1;SUOLO AGRARIO;1;15;DEPOSITO CPNGLOMERATICO-SABBIOSO DI COLORE ROSSASTRO;15;105;GRANITO FRATTURATO ED ALTERATO CON INTRUSIONI QUARZOSE;105;125;GRANITO LITOIDE CON INTRUSIONI QUARZOSE;;;;;;;;;;;;;;;
15.981861;38.398381;177067;Calabria;REGGIO DI CALABRIA;TAURIANOVA;60;1993;8;ND;2;29;1;45;15;ND;ND;ND;ND;35;45;0;2;TERRENO VEGETALE;2;28;MATERIALE ARGILLOSO;28;32;PIETRISCO E SABBIA;32;44;MATERIALE ARGILLOSO;44;60;PIETRISCO E SABBIA;;;;;;;;;;;;
15.997689;38.412539;176891;Calabria;REGGIO DI CALABRIA;RIZZICONI;50;1988;15;15;0;ND;ND;ND;ND;ND;ND;ND;ND;20;20;0;10;TERRENO VEGETALE;10;50;SABBIA E GHIAIA;;;;;;;;;;;;;;;;;;;;;
15.952497;38.424831;16680;Calabria;REGGIO DI CALABRIA;RIZZICONI;50;ND;5.6;5;1;30;10;ND;ND;ND;ND;ND;ND;29;30;0;1.5;TERRENO VEGETALE;1.5;40;SABBIA E GHIAIA;40;50;ARGILLE;;;;;;;;;;;;;;;;;;
15.873239;38.408931;176545;Calabria;REGGIO DI CALABRIA;PALMI;20;1984;16;ND;1;8;12;ND;ND;ND;ND;8;20;7;12;0;3;SABBIA QUARZOSA MONOGRANULARE;3;20;SABBIA E GHIAIA;;;;;;;;;;;;;;;;;;;;;
15.988511;38.602269;175830;Calabria;VIBO VALENTIA;ROMBIOLO;75;1992;240;220;3;40;5;50;5;60;5;40;60;30;55;0;3;TERRA;3;25;TUFO;25;40;GRANITO COMPATTO;40;65;GRANITO SPACCATO;65;75;GRANITO COMPATTO;;;;;;;;;;;;
15.976861;38.395319;176861;Calabria;REGGIO DI CALABRIA;RIZZICONI;54;1993;5;ND;2;18;2;35;5;ND;ND;ND;ND;16;32;0;18;TERRENO ARGILLOSO;18;28;PIETRISCO;28;40;SABBIA;40;54;SABBIA E ARGILLA;;;;;;;;;;;;;;;
16.07185;38.57005;175758;Calabria;VIBO VALENTIA;MILETO;170;1994;1.16;1.16;2;145;1;155;15;ND;ND;ND;ND;120;150;0;10;TERRENO VEGETALE;10;90;SABBIA E GHIAIA;90;160;ARGILLA GRIGIA;160;170;SABBIE GROSSOLANE;;;;;;;;;;;;;;;
16.062969;38.416989;176599;Calabria;REGGIO DI CALABRIA;POLISTENA;108;1993;6;5;2;0;30;30;78;ND;ND;ND;ND;20;30;0;1.5;HUMUS E TERRENO VEGETALE;1.5;30;PIETRAME VARIO;30;55;DESCRIZIONE STRATIGRAFICA ASSENTE;55;90;ARGILLA COMPATTA;90;108;ARGILLA LIMOSA E ACQUA;;;;;;;;;;;;
15.957961;38.44865;176456;Calabria;REGGIO DI CALABRIA;GIOIA TAURO;50;1989;12;720;1;20;30;ND;ND;ND;ND;ND;ND;20;25;0;3;TERRENO VEGETALE;3;20;SABBIONE;20;50;SABBIA E GHIAIA;;;;;;;;;;;;;;;;;;
16.02935;38.482831;176364;Calabria;REGGIO DI CALABRIA;LAUREANA DI BORRELLO;160;1992;6;5;2;0;15;110;50;ND;ND;ND;ND;40;65;0;2;HUMUS E TERRENO VEGETALE;2;40;ARGILLA CALCAREA;40;70;ARENARIA;70;110;ARGILLA COMPATTA;110;160;ARGILLA LIMOSA E FALDA ACQUIFERA;;;;;;;;;;;;
16.037131;38.571431;175843;Calabria;VIBO VALENTIA;SAN CALOGERO;105;1995;8.5;5;1;65;1;ND;ND;ND;ND;ND;ND;80;85;0;2;TERRENO VEGETALE;2;65;ARGILLA; SABBIA PIU ACQUA;65;70;ARGILLA;70;105;CALCARE;;;;;;;;;;;;;;
16.09325;38.381439;177040;Calabria;REGGIO DI CALABRIA;SAN GIORGIO MORGETO;220;2000;ND;ND;4;84;0;170;0;190;0;200;0;ND;ND;ND;ND;0;32;SABBIA;32;80;SABBIA GROSSOLANA;80;81;ARGILLA;81;120;SABBIA;120;125;ARGILLA;125;150;SABBIA;150;220;SABBIA CON INTERCALAZIONI ARGILLOSE;;;;
16.084958;38.391633;16694;Calabria;REGGIO DI CALABRIA;SAN GIORGIO MORGETO;86;2008;10;10;2;50;10;70;16;ND;ND;50;86;25;36;0;1;TERRENO VEGETALE;1;25;SABBIA - GHIAIA;25;50;ARGILLA;50;60;SABBIA CON ACQUA;60;70;ARGILLA;70;86;ARENARIA CON ACQUA;;;;;;;;;
15.94935;38.438381;176445;Calabria;REGGIO DI CALABRIA;GIOIA TAURO;52;1990;13.33;ND;2;8;4;25;25;ND;ND;ND;ND;28;36;0;3;SABBIA;3;8;SABBIA E GHIAIA;8;20;SILT ARGILLOSO;20;52;SABBIA GHIAIOSA CON CIOTTOLI;;;;;;;;;;;;;;;
16.029069;38.589489;175911;Calabria;VIBO VALENTIA;SAN CALOGERO;130;1996;5;3;3;65;5;90;10;110;16;70;130;40;60;0;1;TERRENO VEGETALE;1;20;ARGILLA;20;70;MISTO SABBIA E ARGILLA;70;90;ARGILLA;90;130;MISTO SABBIA E ARGILLA;;;;;;;;;;;;
15.919911;38.403369;176416;Calabria;REGGIO DI CALABRIA;GIOIA TAURO;80;1992;12;720;1;60;20;ND;ND;ND;ND;ND;ND;38;39;0;2;TERRENO VEGETALE;2;36;GHIAIA;36;60;ARGILLA;60;80;SABBIA E GHIAIA;;;;;;;;;;;;;;;
16.0263;38.4481;176989;Calabria;REGGIO DI CALABRIA;ROSARNO;80;1987;15;ND;1;60;0;ND;ND;ND;ND;60;80;50;52;0;80;SABBIA E GHIAIA;;;;;;;;;;;;;;;;;;;;;;;;
16.054361;38.42505;176590;Calabria;REGGIO DI CALABRIA;POLISTENA;94;1992;4;3;2;0;25;30;64;ND;ND;ND;ND;25;40;0;3;HUMUS E TERRENO AGRARIO;3;15;ARGILLA E SABBIA;15;45;CIOTTOLAME;45;70;ARGILLA COMPATTA;70;94;LIMO E SABBIA ACQUIFERA;;;;;;;;;;;;
15.984081;38.359489;177090;Calabria;REGGIO DI CALABRIA;TAURIANOVA;60;1991;12;720;1;32;28;ND;ND;ND;ND;ND;ND;32;35;0;2;TERRENO VEGETALE;2;32;SABBIONE;32;60;SABBIA E GHIAIA;;;;;;;;;;;;;;;;;;
16.048519;38.442831;176369;Calabria;REGGIO DI CALABRIA;MELICUCCO;90;1991;6;5;1;0;90;ND;ND;ND;ND;ND;ND;20;30;0;1;HUMUS;1;5;GHIAIA E CIOTTOLAME;5;10;SABBIA GROSSA E FINE;10;20;ROCCIA GRANITICA;20;90;ARGILLA CRETONATA COMPATTA;;;;;;;;;;;;
16.007161;38.408878;16685;Calabria;REGGIO DI CALABRIA;RIZZICONI;45;2008;4;2.95;1;29;11;ND;ND;ND;ND;ND;ND;22;31;0;2;TERRENO VEGETALE;2;17;LIMO ARGILLOSO;17;29;ARGILLA;29;40;SABBIA E GHIAIA;40;45;LIMO ARGILLOSO;;;;;;;;;;;;
15.955181;38.56115;175819;Calabria;VIBO VALENTIA;NICOTERA;72;1997;2;ND;2;40;2;62;4;ND;ND;62;66;38;55;0;5;STRATO SUPERFICIALE;5;30;SABBIA E GHIAIA ROSSASTRA CON CIOTTOLI;30;72;ROCCIA GRANITICA E GRANODIORITICA;;;;;;;;;;;;;;;;;;
16.01185;38.554769;175852;Calabria;VIBO VALENTIA;SAN CALOGERO;110;1993;6;5;2;68;10;98;2;ND;ND;ND;ND;50;70;0;2;TERRENO AGRARIO;2;68;ARGILLA;68;78;CALCARE E GRANITI;78;100;ARENARIE;100;100;ARGILLA;;;;;;;;;;;;
15.985469;38.39005;177184;Calabria;REGGIO DI CALABRIA;TAURIANOVA;45;1994;ND;3;0;ND;ND;ND;ND;ND;ND;ND;ND;22;30;0;24;MATERIALE ARGILLOSO;24;45;GHIAIA E SABBIA;;;;;;;;;;;;;;;;;;;;;
16.062681;38.581989;175747;Calabria;VIBO VALENTIA;MILETO;100;1991;2;2;2;39;3;48;2;ND;ND;ND;ND;50;70;0;2;TERRENO VEGETALE;2;30;ARGILLA;30;100;ARENARIA;;;;;;;;;;;;;;;;;;
15.925158;38.418675;16565;Calabria;REGGIO DI CALABRIA;GIOIA TAURO;46;ND;4;3;0;ND;ND;ND;ND;ND;ND;ND;ND;26;29;0;3;TERRENO PEDOGENETICO SUPERFICIALE DI COPERTURA.;3;46;DEPOSITI CONTINENTALI CONGLOMERATICI, SABBIOSI CON INTERCALAZIONI LIMOSE DI COLORE ROSSASTRO ED ORIGINE ALLUVIONALE. PRESENTANO PERMEABILITA ELEVATA.;;;;;;;;;;;;;;;;;;;;;
16.0188;38.455881;176978;Calabria;REGGIO DI CALABRIA;ROSARNO;130;1990;20;15;2;70;25;104;20;ND;ND;ND;ND;14;21;0;3.5;TERRENO VEGETALE;3.5;38;SABBIA ASCIUTTA;38;70;ARGILLA BIANCA;70;95;GHIAIA CON ACQUA;95;104;ARGILLA BLU;104;124;PIETRE CON ACQUA;124;130;ARGILLA;;;;;;
15.942131;38.552539;175810;Calabria;VIBO VALENTIA;NICOTERA;110;1995;0.8;0.6;1;90;5;ND;ND;ND;ND;ND;ND;70;100;0;3;TERRENO AGRARIO;3;27;CONGLOMERATI E SABBIA;27;110;GRANITO IN DISFACIMENTO;;;;;;;;;;;;;;;;;;
16.00575;38.416711;176899;Calabria;REGGIO DI CALABRIA;RIZZICONI;50;1990;15;900;1;30;20;ND;ND;ND;ND;ND;ND;17;20;0;3;TERRENO VEGETALE;3;30;SABBIONE;30;50;SABBIA E GHIAIA;;;;;;;;;;;;;;;;;;
16.0863;38.401161;176634;Calabria;REGGIO DI CALABRIA;POLISTENA;100;1991;7;6;1;0;80;ND;ND;ND;ND;ND;ND;20;40;0;2;HUMUS;2;23;SABBIA E GHIAIA;23;60;LIMO E SABBIONE;60;80;ARGILLA E SABBIA;80;100;ARGILLA E FALDA ACQUIFERA;;;;;;;;;;;;
15.988519;38.428381;176879;Calabria;REGGIO DI CALABRIA;RIZZICONI;40;1988;25;900;1;16;14;ND;ND;ND;ND;ND;ND;18;21;0;11;SABBIA;11;24;SABBIONE;24;40;SABBIA E GHIAIA;;;;;;;;;;;;;;;;;;
16.074639;38.391439;177011;Calabria;REGGIO DI CALABRIA;SAN GIORGIO MORGETO;150;1993;15;13;2;0;25;140;10;ND;ND;ND;ND;2;15;0;1.5;HUMUS E TERRENO VEGETALE;1.5;8;CIOTTOLAME E PIETRISCO;8;35;ROCCIA GRANITICA;35;90;ARGILLA COMPATTA;90;150;SABBIA FINE E ACQUA;;;;;;;;;;;;
15.97935;38.555319;175650;Calabria;VIBO VALENTIA;LIMBADI;140;1991;10;8;1;105;10;ND;ND;ND;ND;0;140;100;110;0;10;TERRENO VEGETALE;10;50;CALCARE;50;90;SABBIA;90;140;GRANITO;;;;;;;;;;;;;;;
15.949911;38.382261;177104;Calabria;REGGIO DI CALABRIA;TAURIANOVA;110;1990;9;540;1;75;35;ND;ND;ND;ND;ND;ND;3;10;0;3;TERRENO VEGETALE;3;75;SABBIONE;75;110;SABBIA E GHIAIA;;;;;;;;;;;;;;;;;;
16.063519;38.408381;176787;Calabria;REGGIO DI CALABRIA;POLISTENA;110;1988;0.2;0.167;2;0;30;31;79;ND;ND;ND;ND;20;40;0;1;HUMUS E TERRENO VEGETALE;1;4;SABBIA;4;7;SABBIA GROSSA E FINE;7;11;ROCCIA GRANITICA;11;110;ARGILLA COMPATTA;;;;;;;;;;;;
16.0513;38.413939;176538;Calabria;REGGIO DI CALABRIA;POLISTENA;90;1992;6;5;2;0;45;45;45;ND;ND;ND;ND;20;30;0;3;HUMUS E TERRENO VEGETALE;3;15;ROCCIA;15;35;PIETRISCO E SABBIA;35;60;ARGILLA COMPATTA;60;90;ARGILLA SILTOSA E FALDA ACQUIFERA;;;;;;;;;;;;
16.041581;38.435881;176329;Calabria;REGGIO DI CALABRIA;CITTANOVA;65;1992;3;2;2;0;17;40;25;ND;ND;ND;ND;17;25;0;2;HUMUS DI TERRENO VEGETALE;2;28;ROCCIA;28;40;BRECCIA E SABBIA;40;52;ARGILLA COMPATTA;52;65;LIMO E FALDA ACQUIFERA;;;;;;;;;;;;
16.074081;38.41005;176578;Calabria;REGGIO DI CALABRIA;POLISTENA;96;1990;12;10;1;0;96;ND;ND;ND;ND;ND;ND;44;52;0;2;TERRENO UMIFERO;2;38;TERRENO DI ORIGINE ALLUVIONALE;38;57;SABBIA IMMERSA NELL'ACQUA;57;96;ARGILLA COMPATTA;;;;;;;;;;;;;;;
15.959069;38.575039;175631;Calabria;VIBO VALENTIA;LIMBADI;100;1992;6;5;2;50;5;75;13;ND;ND;ND;ND;40;55;0;85;ARGILLA;85;100;ARENARIA COMPATTA CON ARGILLA;;;;;;;;;;;;;;;;;;;;;
15.989631;38.416161;176827;Calabria;REGGIO DI CALABRIA;RIZZICONI;65;1995;10;ND;2;18;7;50;15;ND;ND;ND;ND;12;45;0;12;TERRENO VEGETALE;12;25;PIETRISCO E SABBIA;25;50;MATERIALE ARGILLOSO;50;65;SABBIA E PIETRISCO;;;;;;;;;;;;;;;
16.039911;38.416989;176646;Calabria;REGGIO DI CALABRIA;POLISTENA;100;1997;15;15;1;60;40;ND;ND;ND;ND;ND;ND;11;20;0;2;TERRENO VEGETALE;2;35;GHIAIA SABBIOSA;35;60;ARGILLOSA;60;100;SABBIA GHIAIA ACQUA;;;;;;;;;;;;;;;
16.04935;38.46255;176382;Calabria;REGGIO DI CALABRIA;FEROLETO DELLA CHIESA;78;1991;15;8;2;8;22;63;10;ND;ND;ND;ND;7;9.2;0;4;TERRENO VEGETALE;4;32;GHIAIA CON ACQUA;32;63;ARGILLA GRIGIA;63;73;GHIAIA CON ACQUA;73;78;ARGILLA GRIGIA;;;;;;;;;;;;
15.990189;38.379761;177129;Calabria;REGGIO DI CALABRIA;TAURIANOVA;60;1989;15;15;1;45;15;ND;ND;ND;ND;ND;ND;45;45;0;3;VEGETALE;3;45;SABBIONE;45;60;SABBIA E GHIAIA;;;;;;;;;;;;;;;;;;
16.066019;38.407269;176689;Calabria;REGGIO DI CALABRIA;POLISTENA;100;1990;8;6;1;0;100;ND;ND;ND;ND;ND;ND;15;30;0;1;HUMUS E TERRENO VEGETALE;1;5;GHIAIA E CIOTTOLAME;5;9;SABBIA GROSSA E FINA;9;17;ROCCIA GRANITICA;17;100;ARGILLA CRETONATA COMPATTA;;;;;;;;;;;;
16.009361;38.43365;176894;Calabria;REGGIO DI CALABRIA;RIZZICONI;102;1992;12;ND;3;20;5;40;12;80;22;ND;ND;44;55;0;2;TERRENO VEGETALE;2;20;STRATO SABBIOSO E ARGILLA;20;50;PIETRISCO E SABBIA;50;102;STRATO SABBIOSO;;;;;;;;;;;;;;;
15.987167;38.544389;16767;Calabria;VIBO VALENTIA;LIMBADI;180;ND;2.63;1.4;2;16;18;160;18;ND;ND;130;178;160;164.3;0;5;SABBIA LIMOSA;5;120;SABBIE ARGILLOSE;120;178;SABBIE A GRANULOMETRIA MEDIO-GROSSA;178;180;SABBIE ED ARGILLE;;;;;;;;;;;;;;;
15.97825;38.392269;177070;Calabria;REGGIO DI CALABRIA;TAURIANOVA;56;1993;5;ND;3;26;4;35;8;50;6;ND;ND;20;36;0;20;STRATO ARGILLOSO;20;30;PIETRISCO;30;43;SABBIA;43;56;SABBIA E ARGILLA;;;;;;;;;;;;;;;
16.000586;38.395139;16715;Calabria;REGGIO DI CALABRIA;TAURIANOVA;55;ND;ND;3;1;39;0;ND;ND;ND;ND;36;55;37;45;0;2.5;TERRENO VEGETALE;2.5;36;CONGLOMERATI SABBIOSI E SABBIE;36;55;SABBIE E ARGILLE SILTOSE;;;;;;;;;;;;;;;;;;
16.052131;38.419489;176673;Calabria;REGGIO DI CALABRIA;POLISTENA;117;1990;6;5;1;0;117;ND;ND;ND;ND;ND;ND;25;40;0;1;HUMUS E TERRENO VEGETALE;1;6;CIOTTOLAME E GHIAIA;6;25;PIETRAME GROSSOLANA;25;40;ARENARIA;40;117;ARGILLA COMPATTA;;;;;;;;;;;;
16.03935;38.587819;175964;Calabria;VIBO VALENTIA;SAN CALOGERO;112;1991;ND;ND;1;94;0;ND;ND;ND;ND;ND;ND;70;100;0;3;TERRENO VEGETALE;3;43;CALCARE;43;94;ARGILLA;94;112;SABBIA;;;;;;;;;;;;;;;
16.033511;38.586989;175905;Calabria;VIBO VALENTIA;SAN CALOGERO;120;1996;5;4;3;60;5;80;10;100;15;70;120;40;60;0;1;TERRENO VEGETALE;1;15;ARGILLA;15;60;MISTO SABBIA E ARGILLA;60;80;ARGILLA;80;120;MISTO SABBIA E ARGILLA;;;;;;;;;;;;
16.084;38.391739;16695;Calabria;REGGIO DI CALABRIA;SAN GIORGIO MORGETO;87;2008;2.5;2.5;1;55;32;ND;ND;ND;ND;55;87;24;30;0;2;TERRENO VEGETALE;2;20;SABBIA - GHIAIA;20;30;SABBIA - LIMO;30;55;ARGILLA;55;87;SABBIA ARENARIA CON ACQUA;;;;;;;;;;;;
16.034081;38.43755;176337;Calabria;REGGIO DI CALABRIA;CITTANOVA;91;1990;15;13;0;ND;ND;ND;ND;ND;ND;ND;ND;15;26;0;2.5;TERRENO VEGETALE;2.5;12;PIETRA DI FIUME;12;40;ARGILLA BIANCA;40;82;SABBIA CON ARENARIA ED ACQUA;82;91;ARGILLA BLU;;;;;;;;;;;;
15.975189;38.467269;176954;Calabria;REGGIO DI CALABRIA;ROSARNO;52;1989;15;900;1;26;26;ND;ND;ND;ND;ND;ND;26;33;0;13;TERRENO VEGETALE;13;21;ARGILLA;21;52;SABBIA E GHIAIA;;;;;;;;;;;;;;;;;;
15.976019;38.549211;175678;Calabria;VIBO VALENTIA;LIMBADI;80;1997;6;6;1;70;0;ND;ND;ND;ND;70;80;55;65;0;5;TERRENO VEGETALE;5;30;CALCARE;30;40;ARGILLA;40;80;GRANITO;;;;;;;;;;;;;;;
16.035189;38.445319;177044;Calabria;REGGIO DI CALABRIA;ROSARNO;74;1991;15.55;700;1;49;0;ND;ND;ND;ND;ND;ND;9;18;0;3.5;TERRENO VEGETALE;3.5;21;STRATI SABBIOSI DIVERSI;21;28;STRATO ARGILLOSO;28;70;STRATO ROCCIOSO CON ACQUA;70;74;STRATO ARGILLOSO;;;;;;;;;;;;
16.316569;38.578389;153937;Calabria;VIBO VALENTIA;SERRA SAN BRUNO;44;2003;2;1.7;1;25;19;ND;ND;ND;ND;20;44;6;28;0;18;GRANITO DEGRADATO ED ALTERATO;18;44;GRANITO FRATTURATO CONINTRUSIONI DI FILONI DI QUARZO;;;;;;;;;;;;;;;;;;;;;
16.039631;38.5681;175834;Calabria;VIBO VALENTIA;SAN CALOGERO;110;1995;2.5;2;1;95;5;ND;ND;ND;ND;74;110;70;85;0;5;HUMUS;5;18;TUFO BIANCO;18;60;ARGILLA;60;110;ROCCIA FESSURATA;;;;;;;;;;;;;;;
15.981083;38.396969;16720;Calabria;REGGIO DI CALABRIA;TAURIANOVA;52;ND;11;10;1;32;12;ND;ND;ND;ND;ND;ND;30;31;0;4;TERRENO VEGETALE;4;44;SABBIA E GHIAIA;44;52;ARGILLE;;;;;;;;;;;;;;;;;;
16.013519;38.4031;176852;Calabria;REGGIO DI CALABRIA;RIZZICONI;70;1991;7;6;1;0;70;ND;ND;ND;ND;40;70;19;20;0;1;HUMUS;1;6;CIOTTOLAME E GHIAIA;6;25;PETRAME;25;40;ARENARIA;40;70;ARGILLA COMPATTA;;;;;;;;;;;;
15.943142;38.467097;16691;Calabria;REGGIO DI CALABRIA;ROSARNO;45;2008;4;2.8;1;21;19;ND;ND;ND;ND;ND;ND;18;20;0;3;TERRENO VEGETALE;3;13;SABBIA;13;18;SABBIA CON GHIAIA;18;21;LIMO;21;40;SABBIA GROSSOLANA;40;45;LIMO ARGILLOSO;;;;;;;;;
15.996581;38.41365;176882;Calabria;REGGIO DI CALABRIA;RIZZICONI;62;1990;15;900;1;30;32;ND;ND;ND;ND;ND;ND;30;30;0;15;SABBIONE;15;30;GHIAIA;30;62;SABBIA E GHIAIA;;;;;;;;;;;;;;;;;;
15.948789;38.5531;175824;Calabria;VIBO VALENTIA;NICOTERA;180;1995;6;ND;2;50;10;170;10;ND;ND;120;180;140;155;0;64;ARGILLA SILTOSA GRIGIA;64;180;GRANITO BIOTITICO;;;;;;;;;;;;;;;;;;;;;
16.027411;38.44005;176950;Calabria;REGGIO DI CALABRIA;ROSARNO;130;1991;12;720;1;80;50;ND;ND;ND;ND;ND;ND;18;21;0;3;TERRENO VEGETALE;3;35;GHIAIA;35;80;SABBIA;80;130;SABBIA E GHIAIA;;;;;;;;;;;;;;;
15.926344;38.570336;16774;Calabria;VIBO VALENTIA;NICOTERA;50;ND;3;1.5;2;22;3;38;8;ND;ND;20;50;18;22;0;10;SABBIE GHIAIOSO-LIMOSE-UMIFICATE DI COLORE GIALLASTRO;10;50;ROCCIA CRISTALLINA DI TIPO MICACEO, RICCA IN BIOTITE E MUSCOVITE, FRATTURATA E DEGRADATA  A 45 ML VIENE INTERCETTATA UNA COPIOSA FALDA ACQUIFERA;;;;;;;;;;;;;;;;;;;;;
16.020189;38.4481;176982;Calabria;REGGIO DI CALABRIA;ROSARNO;85;1988;15;12;1;0;85;ND;ND;ND;ND;45;55;45;45;0;85;SABBIA E GHIAIA;;;;;;;;;;;;;;;;;;;;;;;;
16.047411;38.419219;176597;Calabria;REGGIO DI CALABRIA;POLISTENA;100;1998;6;5;2;0;40;41;59;ND;ND;ND;ND;10;25;0;1.5;TERRENO VEGETALE;1.5;7;CIOTTOLAME E PIETRA;7;40;PIETRISCO E GHIAIA;40;70;SABBIA FINE;70;100;ARGILLA COMPATTA;100;100;FALDA ACQUIFERA;;;;;;;;;
15.957961;38.44865;176454;Calabria;REGGIO DI CALABRIA;GIOIA TAURO;50;1991;11;660;1;32;18;ND;ND;ND;ND;ND;ND;32;37;0;3;TERRENO VEGETALE;3;32;GHIAIA;32;50;SABBIA E GHIAIA;;;;;;;;;;;;;;;;;;
15.944361;38.367539;177173;Calabria;REGGIO DI CALABRIA;TAURIANOVA;185;1997;10;10;1;130;55;ND;ND;ND;ND;ND;ND;60;65;0;2;VEGETALE;2;50;ALLUVIONALE;50;100;ARGILLOSO;100;170;ARENARIA;170;185;ARGILLOSO;;;;;;;;;;;;
15.974264;38.439467;177028;Calabria;REGGIO DI CALABRIA;RIZZICONI;65;1994;6;5;2;16;0;60;5;ND;ND;45;65;54;60;0;16;STRATO SABBIOSO;16;26;ARGILLA;26;40;SABBIA;40;50;PIETRISCO;50;65;SABBIA E BRECCIO;;;;;;;;;;;;
15.919361;38.408369;176419;Calabria;REGGIO DI CALABRIA;GIOIA TAURO;70;1992;15;9;1;50;0;ND;ND;ND;ND;ND;ND;35;35;0;3;TERRENO VEGETALE;3;50;SABBIONE;50;70;SABBIA E GHIAIA;;;;;;;;;;;;;;;;;;
16.211414;38.602233;16800;Calabria;VIBO VALENTIA;SORIANO CALABRO;60;ND;ND;ND;1;15;0;ND;ND;ND;ND;15;54;ND;ND;0;2;TERRENO VEGETALE ARGILLOSO.;2;12;ARGILLA DEBOLMENTE SABBIOSA DI COLORE GRIGIO.;12;22;SABBIA DEBOLMENTE ARGILLOSA DI COLORE GIALLASTRO.;22;24.5;ARENARIA FRATTURATA DI COLORE GIALLASTRO, CON INTERSTRATIFICAZIONI DI SABBIA A GRANULOMETRIA FINE.;24.5;30;ARGILLA DEBOLMENTE SABBIOSA DI COLORE GRIGIO.;30;32;ARENARIA FRATTURATA DI COLORE GIALLASTRO.;32;50;SABBIA LIMOSA A GRANULOMETRIA MEDIO - FINE DI COLORE GIALLASTRO.;50;53;ARENARIA FRATTURATA DI COLORE GIALLASTRO, CON INTERSTRATIFICAZIONI DI SABBIA A GRANULOMETRIA FINE.;53;60;ARGILLA SOVRACONSOLIDATA DI COLORE GRIGIO.
16.039081;38.404211;176316;Calabria;REGGIO DI CALABRIA;CITTANOVA;117;1990;6;5;2;0;35;36;81;ND;ND;ND;ND;25;35;0;1;TERRENO VEGETALE;1;7;CIOTTOLAME E GHIAIA;7;20;PIETRAME DI NATURA VARIA;20;35;GHIAIA E SABBIA FINA;35;117;ARGILLA COMPATTA;;;;;;;;;;;;
16.0124;38.5881;175814;Calabria;VIBO VALENTIA;ROMBIOLO;100;1994;3;2.5;2;65;5;90;4;ND;ND;ND;ND;44;62;0;3;TERRENO AGRARIO;3;65;ARGILLA;65;70;ALTERNANZA DI GRANITO IN DISFACIMENTO CON MATERIALE CALCAREO;70;90;ARGILLA E CONGLOMERATI;90;100;GRANITO IN DISFACIMENTO;;;;;;;;;;;;
15.954069;38.539489;175783;Calabria;VIBO VALENTIA;NICOTERA;30;1995;16.667;16.667;3;12;3;16;2;19;11;ND;ND;15;22;0;3;TERRENO VEGETALE;3;12;TERRENO SCIOLTO;12;14;ARGILLA;14;18;GHIAIONE;18;30;SABBIA;;;;;;;;;;;;
15.903511;38.60365;176025;Calabria;VIBO VALENTIA;SPILINGA;150;1997;2;1.5;1;65;70;ND;ND;ND;ND;65;135;8;49.5;0;10;SABBIE CON INTERCALAZIONI LIMOSO-ARGILLOSE;10;46;GRANITI COMPLETAMENTE ALTERATI;46;65;GRANITI ALTAMENTE ALTERATI;65;98;GRANITI MODERATAMENTE ALTERATI. ZONE CON INTENSA FRATTURAZIONE;98;135;GRANITI DEBOLMENTE ALTERATI. RESISTENZA ALLA PERFORAZIONE ELEVATA PRESENZA DI ZONE CON INTENSA FRATTURAZIONE. ZONA ACQUIFERA;135;150;GRANITI INTEGRI;;;;;;;;;
16.007969;38.369211;177213;Calabria;REGGIO DI CALABRIA;TAURIANOVA;90;1992;15;15;1;60;30;ND;ND;ND;ND;ND;ND;35;38;0;10;VEGETALE;10;60;SABBIOSO;60;90;SABBIA E GHIAIA;;;;;;;;;;;;;;;;;;
16.041861;38.424211;176584;Calabria;REGGIO DI CALABRIA;POLISTENA;80;1987;5;5;1;0;80;ND;ND;ND;ND;40;60;10;25;0;1;HUMUS E TERRENO VEGETALE;1;4;SABBIA;4;7;SABBIA GROSSA E GHIAIA;7;11;ROCCIA GRANITICA;11;80;ARGILLA COMPATTA;;;;;;;;;;;;
16.08575;38.40005;176614;Calabria;REGGIO DI CALABRIA;POLISTENA;60;1990;3;2;2;30;10;57;3;ND;ND;ND;ND;15;30;0;1.5;TERRENO VEGETALE;1.5;9;GHIAIA E CIOTTOLAME;9;40;SABBIA FINE E ACQUA;40;60;ARGILLA COMPATTA;60;60;FALDA ACQUIFERA;;;;;;;;;;;;
15.988814;38.502119;16545;Calabria;REGGIO DI CALABRIA;CANDIDONI;31;ND;ND;16.6;0;ND;ND;ND;ND;ND;ND;ND;ND;3;3.15;0;2;STRATO DI ALTERAZIONE SUPERFICIALE;2;31;LIVELLI SABBIOSI E SABBIOSO-GHIAIOSI CON CIOTTOLI AD ELEVATA COMPONENTE LIMOSO-ARGILLOSA;;;;;;;;;;;;;;;;;;;;;
16.011289;38.548931;175888;Calabria;VIBO VALENTIA;SAN CALOGERO;100;1992;7;7;2;26;2;50;2;ND;ND;ND;ND;16;26;0;1;TERRENO VEGETALE;1;50;ARGILLA MISTA;50;100;DEPOSITI CALCARI;;;;;;;;;;;;;;;;;;
16.034361;38.432831;176298;Calabria;REGGIO DI CALABRIA;CITTANOVA;100;1995;6;5;1;40;60;ND;ND;ND;ND;ND;ND;18;30;0;1;HUMUS E TERRENO VEGETALE;1;7;TERRENO INERTE;7;40;PIETRISCO E SABBIA;40;80;SABBIA FINE;80;100;ARGILLA COMPATTA;;;;;;;;;;;;
16.017411;38.440881;177015;Calabria;REGGIO DI CALABRIA;ROSARNO;70;1993;9.5;500;2;10;30;50;18;ND;ND;ND;ND;40;42;0;10;TERRENO VEGETALE;10;40;GHIAIA CON ACQUA;40;50;ARGILLA;50;68;GHIAIA CON ACQUA;68;70;ARGILLA;;;;;;;;;;;;
16.03685;38.577819;175876;Calabria;VIBO VALENTIA;SAN CALOGERO;100;1992;4;4;2;60;5;68;2;ND;ND;ND;ND;60;70;0;1;TERRENO VEGETALE;1;80;ARGILLA MISTA;80;100;GRANITO;;;;;;;;;;;;;;;;;;
16.0163;38.440319;176965;Calabria;REGGIO DI CALABRIA;ROSARNO;93;1990;15;15;1;60;33;ND;ND;ND;ND;ND;ND;40;52;0;30;SABBIA E PIETRISCO;30;60;ARGILLA;60;93;SABBIA CON FALDE DI ACQUA;;;;;;;;;;;;;;;;;;
16.012131;38.546439;175838;Calabria;VIBO VALENTIA;SAN CALOGERO;121;1992;8;7;1;106;6;ND;ND;ND;ND;ND;ND;40;70;0;3;TERRA;3;12;SABBIONE COMPATTO;12;70;SABBIONE ARGILLOSO;70;85;PIETRA BIANCA;85;106;ARGILLA;106;112;SABBIA ARENARIA;112;121;ROCCIA CALCAREA;;;;;;
16.02075;38.4206;176325;Calabria;REGGIO DI CALABRIA;CITTANOVA;70;1990;7;7;1;0;70;ND;ND;ND;ND;ND;ND;10;20;0;1;HUMUS;1;4;CIOTTOLAME E GHIAIA;4;25;PIETRAME GROSSOLANO;25;40;ARENARIA;40;70;ARGILLA COMPATTA;;;;;;;;;;;;
15.992589;38.573667;16764;Calabria;VIBO VALENTIA;LIMBADI;140;2008;0.5;0.5;1;120;15;ND;ND;ND;ND;100;135;60;125;0;4;TERRENO VEGETALE;4;40;ARGILLE;40;135;SABBIA CEMENTATA;135;140;ROCCIA CRISTALLINA;;;;;;;;;;;;;;;
15.9899;38.556161;175654;Calabria;VIBO VALENTIA;LIMBADI;98;1992;10;10;2;32;3;75;5;ND;ND;ND;ND;75;85;0;1;TERRENO VEGETALE;1;30;ARGILLA;30;41;SABBIA;41;98;ROCCIA CALCAREA;;;;;;;;;;;;;;;
16.020181;38.580881;175952;Calabria;VIBO VALENTIA;SAN CALOGERO;146;2002;1;1;2;70;5;90;4;ND;ND;ND;ND;10;30;0;2;TERRENO VEGETALE;2;100;ARGILLA SILTOSA;100;146;CALCARE EVAPORITICO;;;;;;;;;;;;;;;;;;
15.998822;38.599222;16793;Calabria;VIBO VALENTIA;ROMBIOLO;120;ND;1.5;1;2;40;2;115;3;ND;ND;80;115;38;40;0;5;TERRENO VEGETALE MARRONE SCURO, SABBIOSO - LIMOSO;5;30;CALCARE LIMOSO CON LIVELLI SABBIOSI, FRATTURATO;30;45;ARGILLE AZZURRE CON LENTI SABBIOSO - GHIAIOSE;45;105;CALCARE LIMOSO BIANCASTRO COMPATTO;105;120;GRANITO FRATTURATO;;;;;;;;;;;;
16.007969;38.409769;176889;Calabria;REGGIO DI CALABRIA;RIZZICONI;50;1990;15;900;1;20;30;ND;ND;ND;ND;ND;ND;20;20;0;3;TERRENO VEGETALE;3;20;GHIAIA;20;50;SABBIA E GHIAIA;;;;;;;;;;;;;;;;;;
16.063519;38.34865;153905;Calabria;REGGIO DI CALABRIA;CITTANOVA;100;2004;ND;1;0;ND;ND;ND;ND;ND;ND;ND;ND;ND;ND;0;2;TERRENO VEGETALE;2;25;LIMI E ARGILLE CON GHIAIE;25;55;GHIAIE E SABBIE;55;70;SABBIONE GRANITICO;70;100;SUBSTRATO ROCCIOSO;;;;;;;;;;;;
15.957961;38.461431;176941;Calabria;REGGIO DI CALABRIA;ROSARNO;65;1993;12.5;750;1;35;30;ND;ND;ND;ND;ND;ND;32;39;0;2;TERRENO VEGETALE;2;35;TERRENO SABBIOSO;35;65;SABBIA E GHIAIA;;;;;;;;;;;;;;;;;;
15.998239;38.546989;175577;Calabria;VIBO VALENTIA;LIMBADI;154;2000;11;2;1;120;20;ND;ND;ND;ND;100;154;110;130;0;5;TERRENO VEGETALE;5;90;ARGILLA;90;100;ROCCIA DURA;100;154;ROCCIA MORBIDA;;;;;;;;;;;;;;;
16.0163;38.408931;176347;Calabria;REGGIO DI CALABRIA;CITTANOVA;50;1993;10;10;1;25;25;ND;ND;ND;ND;ND;ND;25;25;0;2;VEGETALE;2;15;SABBIA;15;25;GHIAIA;25;50;SABBIA E GHIAIA;;;;;;;;;;;;;;;
16.044081;38.422819;176534;Calabria;REGGIO DI CALABRIA;POLISTENA;96;1992;5;4;1;90;6;ND;ND;ND;ND;ND;ND;12;21;0;2;HUMUS E TERRENO VEGETALE;2;37;PIETRA DURA;37;55;SABBIA E PIETRISCO;55;69;ARGILLA COMPATTA;69;96;ARGILLA LIMOSA E FALDA ACQUIFERA;;;;;;;;;;;;
15.990469;38.438931;176830;Calabria;REGGIO DI CALABRIA;RIZZICONI;60;1993;7;ND;3;24;4;40;5;55;5;ND;ND;20;40;0;2;TERRENO VEGETALE;2;18;TERRENO SABBIOSO;18;30;SABBIA - CIOTTOLI;30;40;MATERIALE ARGILLOSO;40;60;SABBIA - CIOTTOLI;;;;;;;;;;;;
16.132681;38.586719;175518;Calabria;VIBO VALENTIA;FRANCICA;80;1998;1.5;1;1;68;4;ND;ND;ND;ND;ND;ND;40;65;0;4;TERRENO AGRARIO;4;25;ARENARIA COMPATTA;25;68;GRANITO IN DISFACIMENTO;68;72;GRANITO COMPATTO;72;80;CONGLOMERATI E FALDE DI GRANITO;;;;;;;;;;;;
15.98685;38.548381;175620;Calabria;VIBO VALENTIA;LIMBADI;190;1992;3.33;3;1;170;20;ND;ND;ND;ND;ND;ND;160;170;0;4;TERRENO VEGETALE;4;147;ARGILLA;147;175;GRANITO COMPATTO;175;190;GRANITO IN DISFACIMENTO;;;;;;;;;;;;;;;
16.017681;38.566989;175848;Calabria;VIBO VALENTIA;SAN CALOGERO;160;1994;2.5;2;1;150;5;ND;ND;ND;ND;100;160;100;140;0;5;HUMUS;5;90;ARGILLA;90;115;GRANITO;115;160;GRANITO FESSURATO;;;;;;;;;;;;;;;
16.057411;38.4081;176681;Calabria;REGGIO DI CALABRIA;POLISTENA;80;1990;6;5;1;0;80;ND;ND;ND;ND;ND;ND;1;20;0;1;TERRENO VEGETALE;1;6;CIOTTOLAME E GHIAIA;6;20;PIETRAME DI NATURA VARIA;20;80;ARGILLA COMPATTA;;;;;;;;;;;;;;;
16.068531;38.423939;176650;Calabria;REGGIO DI CALABRIA;POLISTENA;95;1997;5;4;2;0;40;50;45;ND;ND;ND;ND;20;32;0;2;TERRENO VEGETALE;2;7;TERRENO INERTE;7;15;TERRENO ROCCIOSO;15;35;TERRENO SABBIOSO;35;95;ARGILLA COMPATTA;95;95;FALDA ACQUIFERA;;;;;;;;;
16.03435;38.487269;176358;Calabria;REGGIO DI CALABRIA;LAUREANA DI BORRELLO;272;1991;13;10.833;1;212;56;ND;ND;ND;ND;ND;ND;54;60;0;30;TERRENO VEGETALE;30;80;GHIAIA;80;101;SABBIA;101;212;ARGILLA GRIGIA;212;268;GHIAIA CON ACQUA;268;272;ARGILLA BLU;;;;;;;;;
15.959631;38.440039;176846;Calabria;REGGIO DI CALABRIA;RIZZICONI;52;1991;15;15;1;26;26;ND;ND;ND;ND;ND;ND;26;26;0;2;VEGETALE;2;26;SABBIONE;26;52;SABBIA E GHIAIA;;;;;;;;;;;;;;;;;;
16.042969;38.420881;176606;Calabria;REGGIO DI CALABRIA;POLISTENA;101;1992;6;5;1;0;90;ND;ND;ND;ND;ND;ND;20;33;0;2;HUMUS E TERRENO VEGETALE;2;35;SABBIA E PIETRISCO;35;60;DESCRIZIONE STRATIGRAFICA ASSENTE;60;78;ARGILLA COMPATTA;78;101;ARGILLA LIMOSA E FALDA ACQUIFERA;;;;;;;;;;;;
15.984631;38.526431;175683;Calabria;VIBO VALENTIA;LIMBADI;280;1990;ND;ND;2;90;10;280;0;ND;ND;ND;ND;280;ND;0;10;DEPOSITI CONTINENTALI ROSSASTRI;10;60;ARGILLE SILTOSE;60;100;SABBIE QUARZOSE MONOGRANULARI;100;270;ARGILLA;270;280;SABBIA GROSSOLANA;;;;;;;;;;;;
15.968239;38.442539;176884;Calabria;REGGIO DI CALABRIA;RIZZICONI;55;1990;13;780;1;40;15;ND;ND;ND;ND;ND;ND;42;42;0;15;SABBIONE;15;30;GHIAIA;30;42;ARGILLA;42;55;SABBIA E GHIAIA;;;;;;;;;;;;;;;
15.979819;38.467622;16693;Calabria;REGGIO DI CALABRIA;ROSARNO;50;ND;ND;ND;1;24;0;ND;ND;ND;ND;20;50;18;25;0;2.5;TERRENO VEGETALE;2.5;29;SABBIA LIMOSA CON GHIAIA;29;40;LIVELLI DI SABBIA E GHIAIA;;;;;;;;;;;;;;;;;;
16.028519;38.5281;176228;Calabria;REGGIO DI CALABRIA;CANDIDONI;132;1993;33;25;3;70;0.2;100;0.4;122;0.2;ND;ND;0;20;0;1;TERRENO VEGETALE;1;40;ARGILLA E PETRISCO;40;80;CIOTTOLAME DETRITICO;80;132;MISTO ARGILLA SABBIA;;;;;;;;;;;;;;;
15.972131;38.542261;175615;Calabria;VIBO VALENTIA;LIMBADI;307;1993;5.5;4.5;1;280;15;ND;ND;ND;ND;259;307;160;275;0;2;HUMUS;2;85;GNEISS;85;265;GRANITI COMPATTI;265;307;GRANITI FESSURATI;;;;;;;;;;;;;;;
16.036581;38.440881;176339;Calabria;REGGIO DI CALABRIA;CITTANOVA;98;1992;8;6;2;15;5;90;8;ND;ND;68;98;60;80;0;15;STRATO DI NATURA SILICEA FINO AL SABBIOSO;15;20;SABBIA E BRECCIO;20;60;LIMO BIANCO A STRUTTURA MOLTO FINE;60;80;ARGILLA COMPATTA;80;98;SABBIA E BRECCIO FALDA ACQUIFERA;;;;;;;;;;;;
15.97825;38.394489;177083;Calabria;REGGIO DI CALABRIA;TAURIANOVA;62;1989;20;900;1;30;32;ND;ND;ND;ND;ND;ND;20;30;0;3;TERRENO VEGETALE;3;30;SABBIONE;30;62;SABBIA E GHIAIA;;;;;;;;;;;;;;;;;;
15.975461;38.553381;175667;Calabria;VIBO VALENTIA;LIMBADI;115;1993;4;4;2;65;5;80;35;ND;ND;ND;ND;70;85;0;16;TERRENO VEGETALE;16;71;CALCARE;71;80;ARGILLA;80;115;SABBIONE;;;;;;;;;;;;;;;
16.056581;38.412831;176586;Calabria;REGGIO DI CALABRIA;POLISTENA;105;1988;3;3;2;15;15;31;74;ND;ND;ND;ND;30;60;0;2;HUMUS E TERRENO VEGETALE;2;10;SABBIA GROSSA E FINA;10;12;ROCCIA GRANITICA;12;105;ARGILLA COMPATTA;;;;;;;;;;;;;;;
15.999631;38.5606;175900;Calabria;VIBO VALENTIA;SAN CALOGERO;120;1996;3;2;3;60;5;70;10;90;20;60;120;40;60;0;1;TERRENO VEGETALE;1;20;ARGILLA;20;70;MISTO SABBIA E ARGILLA;70;90;ARGILLA;90;120;MISTO SABBIA E ARGILLA;;;;;;;;;;;;
16.091569;38.585331;175751;Calabria;VIBO VALENTIA;MILETO;180;1992;10;10;3;105;5;140;5;170;5;90;180;40;60;0;1;TERRENO VEGETALE;1;15;ARGILLA;15;80;MISTO SABBIA - ARGILLA;80;110;ARGILLA;110;180;MISTO SABBIA - ARGILLA;;;;;;;;;;;;
16.049631;38.438381;176374;Calabria;REGGIO DI CALABRIA;MELICUCCO;120;1991;13.28;10;2;70;10;105;14;ND;ND;ND;ND;50;57;0;3.5;TERRENO VEGETALE;3.5;38;SABBIA ASCIUTTA;38;70;ARGILLA BIANCA;70;95;GHIAIA CON ACQUA;95;104;ARGILLA BLU;104;120;PIETRA CON ACQUA;;;;;;;;;
15.974639;38.49965;16546;Calabria;REGGIO DI CALABRIA;CANDIDONI;45;ND;ND;8.33;0;ND;ND;ND;ND;ND;ND;ND;ND;5;5.4;0;1.8;STRATO DI ALTERAZIONE SUPERFICIALE;1.8;45;LIVELLI SABBIOSI E SABBIOSO GHIAIOSI CON ELEVATA COMPONENTE SILTOSO-ARGILLOSA;;;;;;;;;;;;;;;;;;;;;
15.979361;38.397539;176823;Calabria;REGGIO DI CALABRIA;RIZZICONI;60;1992;10;10;1;25;35;ND;ND;ND;ND;ND;ND;20;36;0;2;TERRENO VEGETALE;2;8;SABBIONE;8;25;GHIAIA;25;60;SABBIA E GHIAIA;;;;;;;;;;;;;;;
15.988519;38.566431;175596;Calabria;VIBO VALENTIA;LIMBADI;160;1996;14;14;3;80;10;100;20;130;20;90;160;80;90;0;1;TERRENO VEGETALE;1;15;ARGILLA;15;80;MISTO SABBIA ARGILLA;80;120;ARGILLA;120;160;MISTO SABBIA ARGILLA;;;;;;;;;;;;
16.004911;38.534769;175860;Calabria;VIBO VALENTIA;SAN CALOGERO;110;1993;7;6.5;1;85;10;ND;ND;ND;ND;74;110;65;85;0;5;HUMUS;5;110;GRANITO;;;;;;;;;;;;;;;;;;;;;
15.91555;38.436394;16563;Calabria;REGGIO DI CALABRIA;GIOIA TAURO;35;ND;ND;1;1;27;8;ND;ND;ND;ND;ND;ND;ND;ND;0;1.4;TERRENO VEGETALE;1.4;35;SABBIA E GHIAIA;;;;;;;;;;;;;;;;;;;;;
16.023239;38.554769;175873;Calabria;VIBO VALENTIA;SAN CALOGERO;100;1995;13;13;2;65;2;80;2;ND;ND;ND;ND;50;60;0;1;TERRENO VEGETALE;1;60;ARGILLA;60;100;GRANITO;;;;;;;;;;;;;;;;;;
15.9974;38.578931;175655;Calabria;VIBO VALENTIA;LIMBADI;92;1992;4;2;2;50;5;75;13;ND;ND;ND;ND;50;85;0;4;TERRENO AGRARIO;4;40;CALCARE E SABBIA;40;85;GRANITO COMPATTO;85;92;CONGLOMERATI E SABBIA;;;;;;;;;;;;;;;
15.982969;38.3931;177195;Calabria;REGGIO DI CALABRIA;TAURIANOVA;50;1991;10;ND;1;36;14;ND;ND;ND;ND;ND;ND;28;40;0;1.5;TERRENO VEGETALE;1.5;20;STRATO ARGILLOSO;20;30;PIETRISCO E SABBIA;30;50;STRATO SABBIOSO;;;;;;;;;;;;;;;
16.070469;38.40755;176608;Calabria;REGGIO DI CALABRIA;POLISTENA;100;1992;4;3;1;0;90;ND;ND;ND;ND;ND;ND;25;37;0;2;HUMUS E TERRENO VEGETALE;2;15;PIETRAME DI VARIE DIMENSIONI;15;50;PIETRISCO E SABBIA;50;85;ARGILLA COMPATTA;85;100;ARGILLA LIMOSA E FALDE ACQUIFERE;;;;;;;;;;;;
16.019911;38.445881;177016;Calabria;REGGIO DI CALABRIA;ROSARNO;95;1989;15;900;1;60;5;ND;ND;ND;ND;ND;ND;30;45;0;20;TERRENO ALLUVIONALE;20;60;ARGILLA;60;95;SABBIA E GHIAIA;;;;;;;;;;;;;;;;;;
15.969631;38.55865;175628;Calabria;VIBO VALENTIA;LIMBADI;95;1990;11.6;11.6;2;82;2;88;2;ND;ND;ND;ND;80;90;0;1;TERRENO VEGETALE;1;45;SABBIA;45;80;ARGILLA;80;95;GRANITO;;;;;;;;;;;;;;;
15.983789;38.590881;175571;Calabria;VIBO VALENTIA;LIMBADI;108;1993;2.5;2;1;80;6;ND;ND;ND;ND;ND;ND;65;75;0;6;TERRENO AGRARIO;6;30;CALCARE E ARGILLA;30;80;GRANITO COMPATTO;80;86;GRANITO IN DISFACIMENTO;86;108;GRANITO COMPATTO;;;;;;;;;;;;
15.985436;38.385789;16713;Calabria;REGGIO DI CALABRIA;TAURIANOVA;50;ND;14;10;0;ND;ND;ND;ND;ND;ND;ND;ND;34;36;0;1.8;DEPOSITI CONTINENTALI CONGLOMERATICI, SABBIOSI E LIMOSI DI ORIGINE ALLUVIONALE E FLUVIALE. PRESENTANO PERMEABILITA ELEVATA.;1.8;50;DEPOSITI CONTINENTALI CONGLOMERATICI, SABBIOSI E LIMOSI DI COLORE ROSSASTRO ED ORIGINE ALLUVIONALE. PRESENTANO PERMEABILITA ELEVATA.;;;;;;;;;;;;;;;;;;;;;
15.924081;38.393381;176833;Calabria;REGGIO DI CALABRIA;RIZZICONI;45;1992;15;15;1;30;15;ND;ND;ND;ND;ND;ND;1;1;0;2;VEGETALE;2;30;GHIAIA;30;45;SABBIA E GHIAIA;;;;;;;;;;;;;;;;;;
16.025469;38.407269;176683;Calabria;REGGIO DI CALABRIA;POLISTENA;90;1990;6;5;1;0;90;ND;ND;ND;ND;ND;ND;15;25;0;1;TERRENO AGRARIO;1;6;ARGILLA;6;20;GHIAIA E PIETRISCO;20;50;ROCCIA ARENARIA;50;90;ARGILLA COMPATTA;;;;;;;;;;;;
15.995425;38.536539;16765;Calabria;VIBO VALENTIA;LIMBADI;34;ND;6.11;3.3;1;16;18;ND;ND;ND;ND;16;34;16;19.2;0;4;SABBIA LIMOSA;4;20;SABBIE ARGILLOSE;20;33;SABBIE A GRANULOMETRIA MEDIO-GROSSA;33;34;SABBIE ED ARGILLE;;;;;;;;;;;;;;;
16.019361;38.444211;176970;Calabria;REGGIO DI CALABRIA;ROSARNO;80;1993;12;12;1;25;55;ND;ND;ND;ND;ND;ND;20;48;0;12;SABBIOSO;12;40;PIETRISCO;40;80;SABBIA E GHIAIA;;;;;;;;;;;;;;;;;;
16.0413;38.440611;176348;Calabria;REGGIO DI CALABRIA;CITTANOVA;81;1990;21.4;12;2;14;4;44;32;ND;ND;ND;ND;11;14.5;0;2;TERRENO VEGETALE;2;18;PIETRA DI FIUME;18;44;ARGILLA BIANCA;44;76;SABBIA CON ARENARIE ED ACQUA;76;81;ARGILLA BLU;;;;;;;;;;;;
15.982961;38.578381;175607;Calabria;VIBO VALENTIA;LIMBADI;98;1991;10;10;1;50;48;ND;ND;ND;ND;ND;ND;50;60;0;30;TERRENO VEGETALE;30;50;ARGILLA;50;98;SABBIA;;;;;;;;;;;;;;;;;;
15.941389;38.395833;16681;Calabria;REGGIO DI CALABRIA;RIZZICONI;80;ND;ND;ND;1;60;0;ND;ND;ND;ND;70;80;50;55;0;2.5;TERRENO VEGETALE;2.5;60;CONGLOMERATI E CONGLOMERATI SABBIOSI;60;80;ARGILLE E ARGILLE SILTOSE;;;;;;;;;;;;;;;;;;
16.062411;38.406989;176574;Calabria;REGGIO DI CALABRIA;POLISTENA;100;1993;6;5;2;0;30;70;30;ND;ND;ND;ND;20;30;0;2;HUMUS E TERRENO AGRARIO;2;8;ROCCIA;8;40;GHIAIA E SABBIA;40;70;ARGILLA COMPATTA;70;100;FALDA ACQUIFERA E ARGILLA LIMOSA;;;;;;;;;;;;
16.026581;38.432269;176942;Calabria;REGGIO DI CALABRIA;ROSARNO;55;1997;5;210;1;29;9;ND;ND;ND;ND;ND;ND;19;35;0;2.5;HUMU E TERRENO VEGETALE;2.5;20;ARGILLA E PIETRISCO;20;29;ARGILLA BIANCA;29;38;SABBIA, PIETRISCO E ACQUA;38;55;ARGILLA GRIGIA;;;;;;;;;;;;
16.05575;38.409489;176544;Calabria;REGGIO DI CALABRIA;POLISTENA;70;1993;5;4;2;0;30;60;10;ND;ND;ND;ND;20;31;0;1;HUMUS E TERRENO VEGETALE;1;10;PIETRISCO E CIOTTOLAME;10;45;ROCCIA GRANITICA;45;60;ARGILLA COMPATTA;60;70;ARGILLA LIMOSA E FALDA ACQUIFERA;;;;;;;;;;;;
16.056581;38.48755;176361;Calabria;REGGIO DI CALABRIA;LAUREANA DI BORRELLO;250;2001;15;15;1;210;40;ND;ND;ND;ND;ND;ND;15;30;0;15;LIMO ARGILLOSO;15;210;ARGILLA;210;250;ROCCIA IN DISFACIMENTO;;;;;;;;;;;;;;;;;;
16.18185;38.55505;153929;Calabria;VIBO VALENTIA;ACQUARO;90;2003;1.5;1;1;75;5;ND;ND;ND;ND;ND;ND;40;70;0;4;TERRENO AGRARIO;4;45;ARENARIA COMPATTA;45;75;GRANITO COMPATTO;75;90;CONGLOMERATI E FALDE DI GRANITO;;;;;;;;;;;;;;;
16.045469;38.464489;176182;Calabria;REGGIO DI CALABRIA;ANOIA;70;1991;0.43;0.183;1;20;15;ND;ND;ND;ND;ND;ND;3;3.5;0;5;TERRENO VEGETALE;5;35;GHIAIA CON ACQUA;35;70;ARGILLA GRIGIA;;;;;;;;;;;;;;;;;;
16.024631;38.447831;177042;Calabria;REGGIO DI CALABRIA;ROSARNO;70;1988;16;720;1;41;29;ND;ND;ND;ND;ND;ND;26;32;0;10;SABBIA;10;40;TUFO;40;70;SABBIA E GHIAIA;;;;;;;;;;;;;;;;;;
16.042411;38.422819;176654;Calabria;REGGIO DI CALABRIA;POLISTENA;75;1990;9.14;5;1;38;22;ND;ND;ND;ND;ND;ND;29;43.5;0;2;TERRENO VEGETALE;2;25;PIETRA DI FIUME;25;38;ARGILLA BIANCA;38;60;SABBIA CON ARENARIA ED ACQUA;60;75;ARGILLA BLU;;;;;;;;;;;;
15.974911;38.4331;176847;Calabria;REGGIO DI CALABRIA;RIZZICONI;55;1989;10;600;1;30;25;ND;ND;ND;ND;ND;ND;30;30;0;3;TERRENO VEGETALE;3;30;SABBIONE;30;55;SABBIA E GHIAIA;;;;;;;;;;;;;;;;;;
15.989911;38.444211;176860;Calabria;REGGIO DI CALABRIA;RIZZICONI;65;1989;600;600;2;12;3;40;25;ND;ND;ND;ND;29;38;0;3;SABBIA;3;8;SABBIA E GHIAIA;8;15;SILT ARGILLOSO;15;65;SABBIA GHIAIOSA CON CIOTTOLI;;;;;;;;;;;;;;;
15.990461;38.557539;175673;Calabria;VIBO VALENTIA;LIMBADI;132;1991;5;5;3;70;0.5;90;1.2;110;5;ND;ND;90;100;0;1;TERRENO VEGETALE;1;20;CALCARE EVAPORITICO;20;80;SABBIA;80;130;GRANITO;130;132;DESCRIZIONE STRATIGRAFICA NON PRESENTE;;;;;;;;;;;;
16.029631;38.406711;176335;Calabria;REGGIO DI CALABRIA;CITTANOVA;100;1997;6;5;1;0;100;ND;ND;ND;ND;ND;ND;20;35;0;2;TERRENI UMIFERI;2;7;TERRENO INERTE;7;25;GHIAIA E PIETRISCO;25;54;SABBIA FINE;54;100;ARGILLA COMPATTA;100;100;FALDA ACQUIFERA;;;;;;;;;
15.950461;38.5781;175831;Calabria;VIBO VALENTIA;NICOTERA;60;ND;ND;ND;1;52;0;ND;ND;ND;ND;40;56;ND;ND;0;2;TERRENO VEGETALE SABBIOSO;2;12;ARGILLE LIMOSO-SABBIOSE;12;60;SABBIE DI ORIGINE GRANITOIDE;;;;;;;;;;;;;;;;;;
16.004081;38.377261;177219;Calabria;REGGIO DI CALABRIA;TAURIANOVA;70;1993;70;7;2;30;10;65;5;ND;ND;50;70;58;65;0;20;TERRENO AGRARIO UMIFERO TENDENTE AL SILICEO;20;45;TERRENO CIOTTOLOSO FRIABILE;45;70;TERRENO MISTO DI SABBIA E BRECCIO;;;;;;;;;;;;;;;;;;
16.070469;38.406439;176626;Calabria;REGGIO DI CALABRIA;POLISTENA;97;1988;ND;0.5;2;0;45;77;20;ND;ND;ND;ND;20;35;0;1;HUMUS E TERRENO VEGETALE;1;4;ROCCIA GRANITICA;4;11;SABBIA GROSSOLANA;11;97;ARGILLA COMPATTA;;;;;;;;;;;;;;;
16.191106;38.494933;16559;Calabria;REGGIO DI CALABRIA;GALATRO;201;2005;ND;ND;3;60;0;120;0;190;0;ND;ND;ND;ND;0;5;MATERIALE DI COPERTURA E RIPORTO;5;60;UNITACOSTITUITA DA CONGLOMERATI SABBIOSI E SABBIA;60;150;CONGLOMERATO IN MATRICE SABBIOSA;150;184;ROCCIA CALCAREA;184;201;COMPLESSO DI ROCCE ACIDE BIOTITICHE, FRATTURATE;;;;;;;;;;;;
15.930181;38.58115;175791;Calabria;VIBO VALENTIA;NICOTERA;115;1994;5;5;2;30;15;100;15;ND;ND;ND;ND;8;30;0;3;TERRENO VEGETALE;3;13;GNEISS;13;100;ROCCIA GRANITICA;100;115;GHIAIA;;;;;;;;;;;;;;;
16.075469;38.398939;176758;Calabria;REGGIO DI CALABRIA;POLISTENA;60;2002;2.5;1.5;1;0.08;59.92;ND;ND;ND;ND;ND;ND;8;15;0;1.5;TERRENO VEGETALE;1.5;15;BRECCIA E GHIAIA;15;30;ROCCIA VIVA;30;45;SABBIA FINE;45;60;ARGILLA COMPATTA;;;;;;;;;;;;
15.996125;38.407094;16687;Calabria;REGGIO DI CALABRIA;RIZZICONI;50;ND;15;10;0;ND;ND;ND;ND;ND;ND;ND;ND;32;34.3;0;5;DEPOSITI CONTINENTALI CONGLOMERATICI, SABBIOSI E LIMOSI DI ORIGINE ALLUVIONALE E FLUVIALE. PRESENTANO PERMEABILITA ELEVATA.;5;50;DEPOSITI CONTINENTALI CONGLOMERATICI, SABBIOSI E LIMOSI DI COLORE ROSSASTRO ED ORIGINE ALLUVIONALE. PRESENTANO PERMEABILITA ELEVATA.;;;;;;;;;;;;;;;;;;;;;
16.027411;38.435319;176313;Calabria;REGGIO DI CALABRIA;CITTANOVA;106;1991;20;20;1;70;36;ND;ND;ND;ND;ND;ND;12;25;0;2;TERRENO VEGETALE;2;35;GHIAIA;35;70;ARGILLA;70;106;SABBIA E GHIAIA;;;;;;;;;;;;;;;
15.927217;38.56645;16772;Calabria;VIBO VALENTIA;NICOTERA;95;2006;1.4;0.95;1;85;5;ND;ND;ND;ND;70;90;10;88;0;5;TERRENO VEGETALE SABBIOSO - LIMOSO;5;20;ARENARIE E SABBIE COMPATTE CON LIVELLI LIMOSI;20;95;GRANITI - FRATTURATI E DEGRADATI [AL TETTO?];;;;;;;;;;;;;;;;;;
16.075181;38.583381;175748;Calabria;VIBO VALENTIA;MILETO;250;1995;13;10;1;210;40;ND;ND;ND;ND;200;250;150;180;0;5;TERRENO VEGETALE;5;200;ARGILLA;200;250;ROCCIA IN DISFACIMENTO;;;;;;;;;;;;;;;;;;
16.008531;38.3631;177169;Calabria;REGGIO DI CALABRIA;TAURIANOVA;272;1998;12;12;3;182;8;210;5;236;14;ND;ND;40;84;0;55;TERRENO MORBIDO SABBIOSO;55;170;CONGLOMERATO DI SABBIONE CEMENTATO;170;270;SABBIA CON STRATI DI GHIAIA;270;272;ARGILLA;;;;;;;;;;;;;;;
15.932578;38.402044;16566;Calabria;REGGIO DI CALABRIA;GIOIA TAURO;42;ND;4.5;4;1;22;20;ND;ND;ND;ND;ND;ND;20;24;0;1.6;LIMO SABBIOSO;1.6;42;DEPOSITO CONTINENTALI COSTITUITI DA LIVELLI SABBIOSI E SABBIOSO GHIAIOSI CON CIOTTOLI;;;;;;;;;;;;;;;;;;;;;
15.982689;38.399211;177211;Calabria;REGGIO DI CALABRIA;TAURIANOVA;60;1991;11;ND;1;35;25;ND;ND;ND;ND;ND;ND;30;39;0;1.5;TERRENO VEGETALE;1.5;20;STRATO ARGILLOSO;20;30;PIETRISCO E SABBIA;30;60;STRATO SABBIOSO;;;;;;;;;;;;;;;
16.07325;38.398661;176581;Calabria;REGGIO DI CALABRIA;POLISTENA;70;1988;0.5;0.5;2;0;30;31;39;ND;ND;ND;ND;10;30;0;1;HUMUS E TERRENO VEGETALE;1;4;ROCCIA GRANITICA;4;11;SABBIA GROSSA E FINA;11;70;ARGILLA COMPATTA;;;;;;;;;;;;;;;
15.935461;38.572819;175812;Calabria;VIBO VALENTIA;NICOTERA;106;1994;10;5;1;82.5;7.5;ND;ND;ND;ND;80;100;79.5;80;0;2.5;TERRENO VEGETALE;2.5;35;SABBIE A ARENARIE;35;106;GRANITO;;;;;;;;;;;;;;;;;;
16.024081;38.445319;176980;Calabria;REGGIO DI CALABRIA;ROSARNO;100;1992;8.58;6.5;1;68;27;ND;ND;ND;ND;ND;ND;28;30.2;0;5;TERRENO VEGETALE;5;60;STRATI SABBIOSI;60;68;STRATO ARGILLOSO;68;95;STRATO ROCCIOSO CON ACQUA;95;100;STRATO ARGILLOSO;;;;;;;;;;;;
16.056019;38.421161;176611;Calabria;REGGIO DI CALABRIA;POLISTENA;100;1992;6;5;1;0;95;ND;ND;ND;ND;ND;ND;17;30;0;1;HUMUS E TERRENO VEGETALE;1;10;ROCCIA VIVA;10;30;PIETRISCO E SABBIA;30;70;ARGILLA COMPATTA;70;100;ARGILLA MELMOSA SABBIOSA E FALDA ACQUIFERA;;;;;;;;;;;;
15.966861;38.424769;176880;Calabria;REGGIO DI CALABRIA;RIZZICONI;81;1992;7;ND;3;39;9;60;5;72;9;ND;ND;30;50;0;1.2;TERRENO VEGETALE;1.2;36;STRATO ARGILLOSO;36;49;PIETRISCO E SABBIA;49;69;STRATO ARGILLOSO;69;81;STRATO SABBIOSO;;;;;;;;;;;;
15.965181;38.567539;175651;Calabria;VIBO VALENTIA;LIMBADI;95;1993;10;8;2;20;10;60;30;ND;ND;ND;ND;40;60;0;4;TERRENO VEGETALE;4;30;CONGLOMERATI SABBIOSI;30;60;GRANITO ALTERATO;60;95;CALCARE ARENACEO;;;;;;;;;;;;;;;
16.067139;38.3931;176305;Calabria;REGGIO DI CALABRIA;CITTANOVA;92;2000;4;5;2;0;35;35;57;ND;ND;ND;ND;0;10;0;1.5;TERRENO VEGETALE;1.5;3;TERRENO INERTE;3;12;SABBIONE E GHIAIA;12;45;SABBIA FINE E LIMO;45;70;ARGILLA COMPATTA;70;90;MASSA CRETONATA;90;92;FALDA ACQUIFERA;;;;;;
16.124631;38.538661;175496;Calabria;VIBO VALENTIA;DINAMI;200;1996;6;6;2;160;2;175;1;ND;ND;ND;ND;80;140;0;4;TERRENO VEGETALE;4;60;SABBIOSO;60;130;CALCARE BIANCO;130;160;TUFO ARGILLOSO;160;200;ROCCIA;;;;;;;;;;;;
15.934361;38.396711;176409;Calabria;REGGIO DI CALABRIA;GIOIA TAURO;100;1992;8;ND;2;70;5;90;10;ND;ND;ND;ND;50;80;0;20;TERRENO VEGETALE;20;60;ARGILLA;60;100;SABBIA;;;;;;;;;;;;;;;;;;
16.09325;38.3956;177004;Calabria;REGGIO DI CALABRIA;SAN GIORGIO MORGETO;80;1991;5;4;1;0;80;ND;ND;ND;ND;ND;ND;30;40;0;2;HUMUS E TERRENO VEGETALE;2;20;PIETRAME SILICICO;20;60;SABBIONE E GHIIA;60;80;ARGILLA LIMOSA E ACQUA;80;80;FALDA ACQUIFERA;;;;;;;;;;;;
16.005469;38.393931;177059;Calabria;REGGIO DI CALABRIA;TAURIANOVA;42;ND;ND;1.7;1;36;0;ND;ND;ND;ND;ND;ND;36;40;0;10;TERRENO AGRARIO;10;15;TERRENO ARGILLOSO;15;32;TERRENO SABBIOSO;32;42;TERRENO GHIAIOSO;;;;;;;;;;;;;;;
15.966469;38.355619;16710;Calabria;REGGIO DI CALABRIA;TAURIANOVA;75;ND;5;2.8;2;10;25;50;25;ND;ND;ND;ND;8;11;0;2;TERRENO VEGETALE;2;10;GHIAIA E CIOTTOLI;10;25;GHIAIA E SABBIA;25;35;SABBIA CON LIVELLI ARENACEI;35;50;ARGILLA;50;75;SABBIA CON LIVELLI ARENACEI;;;;;;;;;
15.970461;38.446989;176963;Calabria;REGGIO DI CALABRIA;RIZZICONI;55;1987;8;6;0;ND;ND;ND;ND;ND;ND;ND;ND;45;48;0;20;TERRENO SILICEO;20;40;TERRENO TUFACEO;40;55;TERRENO GHIAIOSO;;;;;;;;;;;;;;;;;;
15.906667;38.601944;16762;Calabria;VIBO VALENTIA;JOPPOLO;101;2003;1;0.5;1;80;0;ND;ND;ND;ND;78;101;60;65;0;18;SABBIE PRESSATE;18;101;GRANITO;;;;;;;;;;;;;;;;;;;;;
15.935189;38.414761;176392;Calabria;REGGIO DI CALABRIA;GIOIA TAURO;60;1990;15;900;1;40;20;ND;ND;ND;ND;ND;ND;40;42;0;3;TERRENO VEGETALE;3;40;GHIAIA;40;60;SABBIA E GHIAIA;;;;;;;;;;;;;;;;;;
16.025469;38.450331;177013;Calabria;REGGIO DI CALABRIA;ROSARNO;93;1994;15;900;1;48;45;ND;ND;ND;ND;ND;ND;9;34;0;2;TERRENO VEGETALE;2;22;PIETRISCO;22;48;ARGILLA;48;93;SABBIA E GHIAIA;;;;;;;;;;;;;;;
15.982681;38.5331;175624;Calabria;VIBO VALENTIA;LIMBADI;115;1992;13;13;2;94;3;100;3;ND;ND;ND;ND;86;94;0;1;TERRENO VEGETALE;1;90;SABBIA MISTA A CIOTTOLAME ROCC.;90;115;GRANITO;;;;;;;;;;;;;;;;;;
15.9674;38.53365;175808;Calabria;VIBO VALENTIA;NICOTERA;110;1993;15;13;2;50;20;90;20;ND;ND;0;110;40;60;0;20;TERRA;20;60;ARGILLA;60;110;GHIAIA;;;;;;;;;;;;;;;;;;
15.957681;38.539489;176289;Calabria;VIBO VALENTIA;NICOTERA;100;ND;10;ND;2;60;2;70;3;ND;ND;ND;ND;70;ND;0;5;STRATO VEGETALE;5;21;SABBIA E GHIAIA PLEISTOCENICA;21;71;SABBIE PLIOCENICHE;71;100;ARGILLE PLIOCENICHE;;;;;;;;;;;;;;;
16.088519;38.4031;176640;Calabria;REGGIO DI CALABRIA;POLISTENA;100;1991;7;6;1;0;100;ND;ND;ND;ND;ND;ND;20;40;0;2;TERRENO VEGETALE;2;25;SABBIA E GHIAIA;25;60;LIMO E SABBIA;60;80;ARGILLA E SABBIA;80;100;ARGILLA E FALDA ACQUIFERA;;;;;;;;;;;;
16.001861;38.380039;177166;Calabria;REGGIO DI CALABRIA;TAURIANOVA;80;1996;20;10;1;42;38;ND;ND;ND;ND;ND;ND;22;32;0;2;VEGETALE;2;10;ARGILLOSO;10;42;SABBIOSO;42;80;SABBIA E GHIAIA;;;;;;;;;;;;;;;
16.048519;38.404769;176323;Calabria;REGGIO DI CALABRIA;CITTANOVA;126;1991;7;6;1;0;126;ND;ND;ND;ND;70;126;25;35;0;2;HUMUS;2;20;PIETRAME SILICICO;20;60;SABBIONE E GHIAIA;60;80;ARGILLA LIMOSA IN PRESENZA DI ACQUA;80;126;FALDA ACQUIFERA;;;;;;;;;;;;
16.053519;38.40505;176343;Calabria;REGGIO DI CALABRIA;CITTANOVA;70;1988;6;6;1;0;70;ND;ND;ND;ND;ND;ND;12;24;0;1;HUMUS TERRENO VEGETALE;1;4;SABBIA;4;7;SABBIA GROSSA E FINA;7;11;ROCCIA GRANITICA;11;70;ARGILLA COMPATTA CRETONATA;;;;;;;;;;;;
15.9613;38.48755;176975;Calabria;REGGIO DI CALABRIA;ROSARNO;35;1988;20;20;1;15;20;ND;ND;ND;ND;ND;ND;9;9;0;10;MATERIALE ALLUVIONALE;10;15;ARGILLA;15;35;PIETRISCO CON CONGLOMERATI DI SABBIA;;;;;;;;;;;;;;;;;;
15.9774;38.552269;175604;Calabria;VIBO VALENTIA;LIMBADI;98;1991;6.6;6.6;1;60;38;ND;ND;ND;ND;ND;ND;60;70;0;4;TERRENO VEGETALE;4;50;CALCARE;50;98;GRANITO;;;;;;;;;;;;;;;;;;
15.982969;38.4156;177021;Calabria;REGGIO DI CALABRIA;RIZZICONI;65;1992;5;5;1;50;15;ND;ND;ND;ND;45;65;50;55;0;10;TERRENO AGRARIO UMIFERO, FERTILE E CANGIANTE FINE AL SILICEO;10;45;TERRENO SILICEO SENZA SCHELETRO GROSSOLANO E QUASI UNIFORME;45;65;TERRENO MISTO DI SABBIA E BRECCIO;;;;;;;;;;;;;;;;;;
16.088531;38.400881;176579;Calabria;REGGIO DI CALABRIA;POLISTENA;104;1990;7;6;2;0;42;43;61;ND;ND;ND;ND;30;60;0;2;TERRENO UMIFERO;2;20;PIETRA SILICEA;20;60;SABBIA E GHIAIA;60;104;ARGILLA LIMOSA E FALDA ACQUIFERA;;;;;;;;;;;;;;;
15.98435;38.554769;175574;Calabria;VIBO VALENTIA;LIMBADI;176;1994;ND;5;2;90;10;155;21;ND;ND;ND;ND;80;115;0;18;TERRENO VEGETALE;18;35;CALCARE;35;150;ARGILLA;150;176;ROCCIA FRANTUMATA;;;;;;;;;;;;;;;
16.01435;38.436711;177048;Calabria;REGGIO DI CALABRIA;RIZZICONI;160;1991;12;12;1;94;66;ND;ND;ND;ND;ND;ND;41;45;0;3;VEGETALE;3;94;SABBIONE;94;160;SABBIA E GHIAIA;;;;;;;;;;;;;;;;;;
16.076031;38.387831;176354;Calabria;REGGIO DI CALABRIA;CITTANOVA;110;1991;12;10;2;0;30;30;80;ND;ND;ND;ND;25;40;0;1;HUMUS;1;5;ROCCIA VIVA;5;25;SABBIONE;25;70;GHIAIA;70;110;ARGILLA LIMOSA E FALDA ACQUIFERA;;;;;;;;;;;;
15.949631;38.520039;175827;Calabria;VIBO VALENTIA;NICOTERA;346;1997;7;5;2;170;10;276;70;ND;ND;276;346;220;290;0;20;SABBIA E GHIAIA ROSSASTRA;20;346;GRANITO BIOTITICO;;;;;;;;;;;;;;;;;;;;;
16.026019;38.557539;175845;Calabria;VIBO VALENTIA;SAN CALOGERO;208;1993;5.5;5;1;190;10;ND;ND;ND;ND;166;208;140;180;0;5;HUMUS;5;16;SABBIA;16;130;ROCCIA IN DISFACIMENTO;130;208;GRANITO;;;;;;;;;;;;;;;
16.046172;38.41175;16595;Calabria;REGGIO DI CALABRIA;POLISTENA;80;ND;8;7;0;ND;ND;ND;ND;ND;ND;ND;ND;35;37.7;0;7.5;DEPOSITI CONTINENTALI CONGLOMERATICI, SABBIOSI E LIMOSI DI ORIGINE ALLUVIONALE E FLUVIALE. PRESENTANO PERMEABILITA ELEVATA.;7.5;16;DEPOSITI CONTINENTALI CONGLOMERATICI, SABBIOSI E LIMOSI DI COLORE ROSSASTRO ED ORIGINE ALLUVIONALE. PRESENTANO PERMEABILITA ELEVATA.;16;80;DEPOSITI SABBIOSI E SABBIOSO SILTOSI, DI COLORE BRUNO CHIARO, DI CHIARA ORIGINE MARINA. LE PARTICELLE SONO A GRANA DA FINE A GROSSOLANA, QUESTO COMPLESSO PRESENTA PERMEABILITA ELEVATA.;;;;;;;;;;;;;;;;;;
16.041581;38.421711;176676;Calabria;REGGIO DI CALABRIA;POLISTENA;80;1990;6;5;2;0;30;31;49;ND;ND;ND;ND;15;30;0;1;TERRENO VEGETALE;1;10;ROCCIA VIVA;10;40;SABBIA GROSSA E GHIAIA;40;80;ARGILLA COMPATTA;;;;;;;;;;;;;;;
16.002131;38.445881;176948;Calabria;REGGIO DI CALABRIA;ROSARNO;93;1990;18.41;34.2;1;62;27;ND;ND;ND;ND;ND;ND;32;34.2;0;1.5;TERRENO VEGETALE;1.5;19;GHIAIA;19;41;ARENARIA;41;62;ARGILLA BIANCA;62;89;SABBIA CON ACQUA;89;93;ARGILLA BLU;;;;;;;;;
15.980189;38.445319;176841;Calabria;REGGIO DI CALABRIA;RIZZICONI;54;1991;15;15;1;26;28;ND;ND;ND;ND;ND;ND;ND;ND;0;2;VEGETALE;2;26;SABBIONE;26;54;SABBIA E GHIAIA;;;;;;;;;;;;;;;;;;
15.957961;38.539489;175835;Calabria;VIBO VALENTIA;NICOTERA;100;1990;100;100;1;60;10;ND;ND;ND;ND;ND;ND;10;70;0;5;STRATO DI ALTERAZIONE SUPERFICIALE;5;60;ARGILLA SILTOSA GRIGIA;60;100;GRANITO BIOTITICO;;;;;;;;;;;;;;;;;;
16.317131;38.573669;153938;Calabria;VIBO VALENTIA;SERRA SAN BRUNO;45;2003;1.7;1.5;1;23;22;ND;ND;ND;ND;21;45;8;25;0;20;deposito di alterazione del granito;20;45;granito fratturato con filoni di quarzo;;;;;;;;;;;;;;;;;;;;;
16.046581;38.416989;176662;Calabria;REGGIO DI CALABRIA;POLISTENA;100;1990;7;6;1;0;100;ND;ND;ND;ND;ND;ND;20;40;0;2;TERRENO UMIFERO;2;25;SABBIA E GHIAIA;25;60;LIMO E E SABBIA;60;80;ARGILLA E SABBIA;80;100;ARGILLA ED ACQUA;;;;;;;;;;;;
16.065467;38.519931;16697;Calabria;REGGIO DI CALABRIA;SERRATA;43;ND;ND;21.7;1;6;0;ND;ND;ND;ND;ND;ND;5;5.6;0;1.5;STRATO DI ALTERAZIONE SUPERFICIALE;1.5;43;SABBIA E GHIAIA CON SOTTILI INTERCALAZIONI SILTOSO-ARGILLOSE;;;;;;;;;;;;;;;;;;;;;
15.964069;38.548931;175618;Calabria;VIBO VALENTIA;LIMBADI;100;1991;5;5;2;65;5;75;25;ND;ND;ND;ND;75;85;0;15;TERRENO VEGETALE;15;75;ROCCIA GRANITICA;75;100;SABBIA MEDIA;;;;;;;;;;;;;;;;;;
