Comune,Opera,Profondità,Longitudine_WGS84,Latitudine_WGS84,URL,LEGENDA
SPILINGA,POZZO IDROPOTABILE (ACQUEDOTTISTICO),150,15°54'10.66''E,38°36'07.16''N,http://sgi2.isprambiente.it/indagini/scheda_indagine.aspx?Codice=176023,POZZI ACQUEDOTTISTICI
ROSARNO,POZZO PER ACQUA,35,16°02'44.66''E,38°30'25.16''N,http://sgi2.isprambiente.it/indagini/scheda_indagine.aspx?Codice=176952,POZZI IDRICI
TAURIANOVA,POZZO PER ACQUA,100,16°01'14.80''E,38°22'38.80''N,http://sgi2.isprambiente.it/indagini/scheda_indagine.aspx?Codice=16721,POZZI IDRICI
SAN GIORGIO MORGETO,POZZO IDROPOTABILE (ACQUEDOTTISTICO),220,16°06'23.69''E,38°23'19.18''N,http://sgi2.isprambiente.it/indagini/scheda_indagine.aspx?Codice=177030,POZZI ACQUEDOTTISTICI
ROSARNO,POZZO PER ACQUA,75,16°00'53.68''E,38°27'32.15''N,http://sgi2.isprambiente.it/indagini/scheda_indagine.aspx?Codice=176984,POZZI IDRICI
ROSARNO,POZZO PER ACQUA,45,15°56'48.85''E,38°28'14.20''N,http://sgi2.isprambiente.it/indagini/scheda_indagine.aspx?Codice=16690,POZZI IDRICI
LIMBADI,POZZO PER ACQUA,120,15°58'16.64''E,38°34'04.15''N,http://sgi2.isprambiente.it/indagini/scheda_indagine.aspx?Codice=175613,POZZI IDRICI
TAURIANOVA,POZZO PER ACQUA,65,15°58'51.67''E,38°23'33.14''N,http://sgi2.isprambiente.it/indagini/scheda_indagine.aspx?Codice=177081,POZZI IDRICI
CITTANOVA,POZZO PER ACQUA,45,16°01'08.69''E,38°24'00.14''N,http://sgi2.isprambiente.it/indagini/scheda_indagine.aspx?Codice=176314,POZZI IDRICI
LIMBADI,POZZO PER ACQUA,115,15°57'26.64''E,38°34'13.15''N,http://sgi2.isprambiente.it/indagini/scheda_indagine.aspx?Codice=175664,POZZI IDRICI
SAN CALOGERO,POZZO PER ACQUA,90,16°00'28.66''E,38°32'42.18''N,http://sgi2.isprambiente.it/indagini/scheda_indagine.aspx?Codice=175858,POZZI IDRICI
SAN CALOGERO,POZZO PER ACQUA,138,16°02'13.67''E,38°33'36.18''N,http://sgi2.isprambiente.it/indagini/scheda_indagine.aspx?Codice=175850,POZZI IDRICI
NARDODIPACE,POZZO IDROPOTABILE (ACQUEDOTTISTICO),110,16°20'25.69''E,38°28'37.20''N,http://sgi2.isprambiente.it/indagini/scheda_indagine.aspx?Codice=175780,POZZI ACQUEDOTTISTICI
RIZZICONI,POZZO PER ACQUA,72,16°00'20.66''E,38°25'11.17''N,http://sgi2.isprambiente.it/indagini/scheda_indagine.aspx?Codice=176895,POZZI IDRICI
RIZZICONI,POZZO PER ACQUA,65,15°59'22.67''E,38°25'54.16''N,http://sgi2.isprambiente.it/indagini/scheda_indagine.aspx?Codice=176920,POZZI IDRICI
JOPPOLO,POZZO PER ACQUA,106,15°52'01.63''E,38°36'11.16''N,http://sgi2.isprambiente.it/indagini/scheda_indagine.aspx?Codice=175554,POZZI IDRICI
TAURIANOVA,POZZO PER ACQUA,152,15°58'31.69''E,38°21'57.17''N,http://sgi2.isprambiente.it/indagini/scheda_indagine.aspx?Codice=177097,POZZI IDRICI
CITTANOVA,POZZO PER ACQUA,84,16°01'46.67''E,38°24'08.17''N,http://sgi2.isprambiente.it/indagini/scheda_indagine.aspx?Codice=176306,POZZI IDRICI
CITTANOVA,POZZO PER ACQUA,70,16°01'43.68''E,38°26'21.16''N,http://sgi2.isprambiente.it/indagini/scheda_indagine.aspx?Codice=176299,POZZI IDRICI
RIZZICONI,POZZO PER ACQUA,105,15°56'25.69''E,38°23'32.14''N,http://sgi2.isprambiente.it/indagini/scheda_indagine.aspx?Codice=177006,POZZI IDRICI
LAUREANA DI BORRELLO,POZZO PER ACQUA,180,16°03'19.66''E,38°29'22.16''N,http://sgi2.isprambiente.it/indagini/scheda_indagine.aspx?Codice=190960,POZZI IDRICI
CITTANOVA,POZZO PER ACQUA,120,16°04'26.69''E,38°23'16.19''N,http://sgi2.isprambiente.it/indagini/scheda_indagine.aspx?Codice=176327,POZZI IDRICI
ROSARNO,POZZO PER ACQUA,95,16°01'06.67''E,38°26'35.16''N,http://sgi2.isprambiente.it/indagini/scheda_indagine.aspx?Codice=176964,POZZI IDRICI
CITTANOVA,POZZO PER ACQUA,60,16°02'27.67''E,38°26'07.19''N,http://sgi2.isprambiente.it/indagini/scheda_indagine.aspx?Codice=176346,POZZI IDRICI
SAN CALOGERO,POZZO PER ACQUA,160,16°01'17.65''E,38°33'32.15''N,http://sgi2.isprambiente.it/indagini/scheda_indagine.aspx?Codice=175836,POZZI IDRICI
TAURIANOVA,POZZO PER ACQUA,40,15°58'12.86''E,38°21'28.93''N,http://sgi2.isprambiente.it/indagini/scheda_indagine.aspx?Codice=16711,POZZI IDRICI
FILANDARI,POZZO PER ACQUA,100,16°01'50.66''E,38°35'30.16''N,http://sgi2.isprambiente.it/indagini/scheda_indagine.aspx?Codice=175539,POZZI IDRICI
RIZZICONI,POZZO PER ACQUA,90,15°58'07.68''E,38°24'49.14''N,http://sgi2.isprambiente.it/indagini/scheda_indagine.aspx?Codice=177014,POZZI IDRICI
RIZZICONI,POZZO PER ACQUA,60,15°58'07.68''E,38°24'55.15''N,http://sgi2.isprambiente.it/indagini/scheda_indagine.aspx?Codice=176924,POZZI IDRICI
LIMBADI,POZZO PER ACQUA,81,15°58'17.82''E,38°33'23.53''N,http://sgi2.isprambiente.it/indagini/scheda_indagine.aspx?Codice=16763,POZZI IDRICI
RIZZICONI,POZZO PER ACQUA,226,15°55'39.68''E,38°22'29.14''N,http://sgi2.isprambiente.it/indagini/scheda_indagine.aspx?Codice=190981,POZZI IDRICI
TAURIANOVA,POZZO PER ACQUA,55,15°58'40.69''E,38°23'30.16''N,http://sgi2.isprambiente.it/indagini/scheda_indagine.aspx?Codice=177125,POZZI IDRICI
GIOIA TAURO,POZZO PER ACQUA,40,15°53'33.68''E,38°25'27.16''N,http://sgi2.isprambiente.it/indagini/scheda_indagine.aspx?Codice=153906,POZZI IDRICI
GIOIA TAURO,POZZO PER ACQUA,170,15°56'08.66''E,38°25'07.14''N,http://sgi2.isprambiente.it/indagini/scheda_indagine.aspx?Codice=176425,POZZI IDRICI
RIZZICONI,POZZO PER ACQUA,115,15°57'59.01''E,38°23'42.84''N,http://sgi2.isprambiente.it/indagini/scheda_indagine.aspx?Codice=16679,POZZI IDRICI
POLISTENA,POZZO PER ACQUA,90,16°03'13.68''E,38°25'09.19''N,http://sgi2.isprambiente.it/indagini/scheda_indagine.aspx?Codice=176580,POZZI IDRICI
CITTANOVA,POZZO PER ACQUA,80,16°03'38.70''E,38°23'58.16''N,http://sgi2.isprambiente.it/indagini/scheda_indagine.aspx?Codice=176333,POZZI IDRICI
NICOTERA,POZZO PER ACQUA,110,15°58'03.65''E,38°31'52.14''N,http://sgi2.isprambiente.it/indagini/scheda_indagine.aspx?Codice=175828,POZZI IDRICI
TAURIANOVA,POZZO PER ACQUA,180,16°02'09.71''E,38°21'27.14''N,http://sgi2.isprambiente.it/indagini/scheda_indagine.aspx?Codice=177167,POZZI IDRICI
POLISTENA,POZZO PER ACQUA,100,16°02'51.68''E,38°25'26.18''N,http://sgi2.isprambiente.it/indagini/scheda_indagine.aspx?Codice=176598,POZZI IDRICI
RIZZICONI,POZZO PER ACQUA,50,15°59'34.69''E,38°26'41.17''N,http://sgi2.isprambiente.it/indagini/scheda_indagine.aspx?Codice=176843,POZZI IDRICI
GIOIA TAURO,POZZO PER ACQUA,120,15°54'38.66''E,38°26'12.16''N,http://sgi2.isprambiente.it/indagini/scheda_indagine.aspx?Codice=176441,POZZI IDRICI
MILETO,POZZO PER ACQUA,80,16°03'17.64''E,38°34'55.16''N,http://sgi2.isprambiente.it/indagini/scheda_indagine.aspx?Codice=175763,POZZI IDRICI
ROMBIOLO,POZZO PER ACQUA,90,15°59'20.65''E,38°36'12.17''N,http://sgi2.isprambiente.it/indagini/scheda_indagine.aspx?Codice=175820,POZZI IDRICI
POLISTENA,POZZO PER ACQUA,90,16°03'51.70''E,38°24'56.16''N,http://sgi2.isprambiente.it/indagini/scheda_indagine.aspx?Codice=176592,POZZI IDRICI
TAURIANOVA,POZZO PER ACQUA,64,15°58'49.69''E,38°23'43.15''N,http://sgi2.isprambiente.it/indagini/scheda_indagine.aspx?Codice=177087,POZZI IDRICI
POLISTENA,POZZO PER ACQUA,100,16°03'06.78''E,38°24'20.92''N,http://sgi2.isprambiente.it/indagini/scheda_indagine.aspx?Codice=16596,POZZI IDRICI
CITTANOVA,POZZO PER ACQUA,85,16°02'30.66''E,38°25'51.17''N,http://sgi2.isprambiente.it/indagini/scheda_indagine.aspx?Codice=176311,POZZI IDRICI
RIZZICONI,POZZO PER ACQUA,110,16°00'48.67''E,38°26'13.16''N,http://sgi2.isprambiente.it/indagini/scheda_indagine.aspx?Codice=176902,POZZI IDRICI
RIZZICONI,POZZO PER ACQUA,39,15°59'06.46''E,38°25'09.99''N,http://sgi2.isprambiente.it/indagini/scheda_indagine.aspx?Codice=16682,POZZI IDRICI
SAN CALOGERO,POZZO PER ACQUA,120,16°00'22.64''E,38°32'48.16''N,http://sgi2.isprambiente.it/indagini/scheda_indagine.aspx?Codice=175973,POZZI IDRICI
RIZZICONI,POZZO PER ACQUA,68,16°00'46.69''E,38°25'27.16''N,http://sgi2.isprambiente.it/indagini/scheda_indagine.aspx?Codice=177024,POZZI IDRICI
SAN CALOGERO,POZZO PER ACQUA,150,16°02'17.66''E,38°33'53.17''N,http://sgi2.isprambiente.it/indagini/scheda_indagine.aspx?Codice=175894,POZZI IDRICI
LIMBADI,POZZO PER ACQUA,170,15°58'44.65''E,38°32'34.15''N,http://sgi2.isprambiente.it/indagini/scheda_indagine.aspx?Codice=175661,POZZI IDRICI
TAURIANOVA,POZZO PER ACQUA,125,16°01'35.69''E,38°23'02.15''N,http://sgi2.isprambiente.it/indagini/scheda_indagine.aspx?Codice=177132,POZZI IDRICI
GIOIA TAURO,POZZO PER ACQUA,65,15°54'53.68''E,38°25'23.16''N,http://sgi2.isprambiente.it/indagini/scheda_indagine.aspx?Codice=176521,POZZI IDRICI
MILETO,POZZO PER ACQUA,170,16°04'16.64''E,38°34'13.15''N,http://sgi2.isprambiente.it/indagini/scheda_indagine.aspx?Codice=175746,POZZI IDRICI
SAN CALOGERO,POZZO PER ACQUA,135,16°00'03.67''E,38°32'22.16''N,http://sgi2.isprambiente.it/indagini/scheda_indagine.aspx?Codice=175961,POZZI IDRICI
SAN CALOGERO,POZZO PER ACQUA,84,16°00'44.68''E,38°33'10.15''N,http://sgi2.isprambiente.it/indagini/scheda_indagine.aspx?Codice=175884,POZZI IDRICI
NICOTERA,POZZO PER ACQUA,100,15°57'36.65''E,38°32'23.14''N,http://sgi2.isprambiente.it/indagini/scheda_indagine.aspx?Codice=175809,POZZI IDRICI
LIMBADI,POZZO PER ACQUA,95,15°58'38.64''E,38°33'07.16''N,http://sgi2.isprambiente.it/indagini/scheda_indagine.aspx?Codice=175598,POZZI IDRICI
RIZZICONI,POZZO PER ACQUA,45,15°59'43.69''E,38°25'32.16''N,http://sgi2.isprambiente.it/indagini/scheda_indagine.aspx?Codice=177010,POZZI IDRICI
CANDIDONI,POZZO PER ACQUA,40,15°57'35.68''E,38°30'11.16''N,http://sgi2.isprambiente.it/indagini/scheda_indagine.aspx?Codice=176219,POZZI IDRICI
SAN FERDINANDO,POZZO PER ACQUA,40,15°55'32.66''E,38°29'22.16''N,http://sgi2.isprambiente.it/indagini/scheda_indagine.aspx?Codice=176997,POZZI IDRICI
POLISTENA,POZZO PER ACQUA,92,16°04'04.69''E,38°24'40.18''N,http://sgi2.isprambiente.it/indagini/scheda_indagine.aspx?Codice=176620,POZZI IDRICI
GIOIA TAURO,POZZO PER ACQUA,50,15°54'43.07''E,38°25'58.19''N,http://sgi2.isprambiente.it/indagini/scheda_indagine.aspx?Codice=16564,POZZI IDRICI
FRANCICA,POZZO PER ACQUA,80,16°05'54.64''E,38°36'10.19''N,http://sgi2.isprambiente.it/indagini/scheda_indagine.aspx?Codice=175506,POZZI IDRICI
TAURIANOVA,POZZO PER ACQUA,85,15°57'02.70''E,38°22'01.13''N,http://sgi2.isprambiente.it/indagini/scheda_indagine.aspx?Codice=177112,POZZI IDRICI
POLISTENA,POZZO PER ACQUA,100,16°05'32.68''E,38°23'55.18''N,http://sgi2.isprambiente.it/indagini/scheda_indagine.aspx?Codice=176697,POZZI IDRICI
LIMBADI,POZZO PER ACQUA,100,15°58'42.67''E,38°31'32.16''N,http://sgi2.isprambiente.it/indagini/scheda_indagine.aspx?Codice=175690,POZZI IDRICI
LIMBADI,POZZO PER ACQUA,116,15°57'58.64''E,38°34'24.17''N,http://sgi2.isprambiente.it/indagini/scheda_indagine.aspx?Codice=175602,POZZI IDRICI
LIMBADI,POZZO PER ACQUA,218,15°57'51.66''E,38°34'00.16''N,http://sgi2.isprambiente.it/indagini/scheda_indagine.aspx?Codice=175572,POZZI IDRICI
TAURIANOVA,POZZO PER ACQUA,70,16°00'40.26''E,38°22'35.43''N,http://sgi2.isprambiente.it/indagini/scheda_indagine.aspx?Codice=16706,POZZI IDRICI
TAURIANOVA,POZZO PER ACQUA,55,15°58'31.69''E,38°21'34.13''N,http://sgi2.isprambiente.it/indagini/scheda_indagine.aspx?Codice=177164,POZZI IDRICI
CITTANOVA,POZZO PER ACQUA,90,16°05'34.66''E,38°34'57.18''N,http://sgi2.isprambiente.it/indagini/scheda_indagine.aspx?Codice=176350,POZZI IDRICI
CITTANOVA,POZZO PER ACQUA,100,16°02'27.67''E,38°25'58.19''N,http://sgi2.isprambiente.it/indagini/scheda_indagine.aspx?Codice=176341,POZZI IDRICI
ROSARNO,POZZO PER ACQUA,35,15°57'47.66''E,38°29'05.14''N,http://sgi2.isprambiente.it/indagini/scheda_indagine.aspx?Codice=176972,POZZI IDRICI
POLISTENA,POZZO PER ACQUA,100,16°03'39.67''E,38°24'21.17''N,http://sgi2.isprambiente.it/indagini/scheda_indagine.aspx?Codice=176577,POZZI IDRICI
LIMBADI,POZZO PER ACQUA,270,15°58'12.50''E,38°34'05.00''N,http://sgi2.isprambiente.it/indagini/scheda_indagine.aspx?Codice=16766,POZZI IDRICI
GIOIA TAURO,POZZO PER ACQUA,115,15°56'03.70''E,38°25'07.14''N,http://sgi2.isprambiente.it/indagini/scheda_indagine.aspx?Codice=176429,POZZI IDRICI
TAURIANOVA,POZZO PER ACQUA,53,15°58'58.18''E,38°23'53.62''N,http://sgi2.isprambiente.it/indagini/scheda_indagine.aspx?Codice=16714,POZZI IDRICI
DINAMI,POZZO PER ACQUA,40,16°12'13.68''E,38°30'30.17''N,http://sgi2.isprambiente.it/indagini/scheda_indagine.aspx?Codice=153930,POZZI IDRICI
LIMBADI,POZZO PER ACQUA,165,15°58'57.65''E,38°31'34.14''N,http://sgi2.isprambiente.it/indagini/scheda_indagine.aspx?Codice=175565,POZZI IDRICI
GIOIA TAURO,POZZO PER ACQUA,110,15°55'47.68''E,38°24'37.15''N,http://sgi2.isprambiente.it/indagini/scheda_indagine.aspx?Codice=176437,POZZI IDRICI
ROSARNO,POZZO PER ACQUA,60,15°59'48.66''E,38°27'03.17''N,http://sgi2.isprambiente.it/indagini/scheda_indagine.aspx?Codice=176961,POZZI IDRICI
SAN CALOGERO,POZZO PER ACQUA,145,16°02'10.64''E,38°35'15.18''N,http://sgi2.isprambiente.it/indagini/scheda_indagine.aspx?Codice=175833,POZZI IDRICI
POLISTENA,POZZO PER ACQUA,70,16°04'02.68''E,38°24'10.15''N,http://sgi2.isprambiente.it/indagini/scheda_indagine.aspx?Codice=176551,POZZI IDRICI
RIZZICONI,POZZO PER ACQUA,60,15°58'29.68''E,38°26'43.15''N,http://sgi2.isprambiente.it/indagini/scheda_indagine.aspx?Codice=176565,POZZI IDRICI
LIMBADI,POZZO PER ACQUA,85,15°58'29.68''E,38°32'53.16''N,http://sgi2.isprambiente.it/indagini/scheda_indagine.aspx?Codice=175622,POZZI IDRICI
RIZZICONI,POZZO PER ACQUA,56,16°00'48.67''E,38°25'04.15''N,http://sgi2.isprambiente.it/indagini/scheda_indagine.aspx?Codice=177043,POZZI IDRICI
CINQUEFRONDI,POZZO PER ACQUA,107,16°05'00.67''E,38°25'19.16''N,http://sgi2.isprambiente.it/indagini/scheda_indagine.aspx?Codice=176269,POZZI IDRICI
MILETO,POZZO PER ACQUA,152,16°03'28.66''E,38°33'32.15''N,http://sgi2.isprambiente.it/indagini/scheda_indagine.aspx?Codice=175760,POZZI IDRICI
SAN CALOGERO,POZZO PER ACQUA,177,16°01'36.66''E,38°32'28.18''N,http://sgi2.isprambiente.it/indagini/scheda_indagine.aspx?Codice=175856,POZZI IDRICI
ROMBIOLO,POZZO PER ACQUA,80,15°59'28.64''E,38°36'07.16''N,http://sgi2.isprambiente.it/indagini/scheda_indagine.aspx?Codice=175823,POZZI IDRICI
CITTANOVA,POZZO PER ACQUA,220,16°04'18.18''E,38°21'05.29''N,http://sgi2.isprambiente.it/indagini/scheda_indagine.aspx?Codice=16552,POZZI IDRICI
DINAMI,POZZO PER ACQUA,98,16°10'06.67''E,38°31'02.17''N,http://sgi2.isprambiente.it/indagini/scheda_indagine.aspx?Codice=175499,POZZI IDRICI
RIZZICONI,POZZO PER ACQUA,70,15°59'18.67''E,38°26'32.14''N,http://sgi2.isprambiente.it/indagini/scheda_indagine.aspx?Codice=176881,POZZI IDRICI
NICOTERA,POZZO PER ACQUA,40,15°55'15.64''E,38°34'09.16''N,http://sgi2.isprambiente.it/indagini/scheda_indagine.aspx?Codice=175792,POZZI IDRICI
TAURIANOVA,POZZO PER ACQUA,48,16°00'12.70''E,38°22'50.61''N,http://sgi2.isprambiente.it/indagini/scheda_indagine.aspx?Codice=16719,POZZI IDRICI
TAURIANOVA,POZZO PER ACQUA,110,16°00'58.68''E,38°20'53.16''N,http://sgi2.isprambiente.it/indagini/scheda_indagine.aspx?Codice=177179,POZZI IDRICI
ROSARNO,POZZO PER ACQUA,85,16°01'20.68''E,38°26'41.17''N,http://sgi2.isprambiente.it/indagini/scheda_indagine.aspx?Codice=176949,POZZI IDRICI
RIZZICONI,POZZO PER ACQUA,50,15°58'16.68''E,38°26'13.16''N,http://sgi2.isprambiente.it/indagini/scheda_indagine.aspx?Codice=176907,POZZI IDRICI
MILETO,POZZO PER ACQUA,105,16°02'39.66''E,38°34'43.18''N,http://sgi2.isprambiente.it/indagini/scheda_indagine.aspx?Codice=175755,POZZI IDRICI
RIZZICONI,POZZO PER ACQUA,100,15°57'31.68''E,38°24'03.17''N,http://sgi2.isprambiente.it/indagini/scheda_indagine.aspx?Codice=176981,POZZI IDRICI
MELICUCCO,POZZO PER ACQUA,90,16°02'07.69''E,38°27'37.19''N,http://sgi2.isprambiente.it/indagini/scheda_indagine.aspx?Codice=176371,POZZI IDRICI
LIMBADI,POZZO PER ACQUA,176,15°57'43.63''E,38°34'49.15''N,http://sgi2.isprambiente.it/indagini/scheda_indagine.aspx?Codice=175611,POZZI IDRICI
NICOTERA,POZZO PER ACQUA,70,15°57'05.47''E,38°32'42.92''N,http://sgi2.isprambiente.it/indagini/scheda_indagine.aspx?Codice=16773,POZZI IDRICI
ROSARNO,POZZO PER ACQUA,130,16°00'46.69''E,38°26'56.15''N,http://sgi2.isprambiente.it/indagini/scheda_indagine.aspx?Codice=177025,POZZI IDRICI
TAURIANOVA,POZZO PER ACQUA,74,15°59'12.70''E,38°23'25.15''N,http://sgi2.isprambiente.it/indagini/scheda_indagine.aspx?Codice=177076,POZZI IDRICI
ANOIA,POZZO PER ACQUA,148,16°04'12.68''E,38°26'54.17''N,http://sgi2.isprambiente.it/indagini/scheda_indagine.aspx?Codice=176189,POZZI IDRICI
GIOIA TAURO,POZZO PER ACQUA,65,15°55'00.66''E,38°25'25.14''N,http://sgi2.isprambiente.it/indagini/scheda_indagine.aspx?Codice=176526,POZZI IDRICI
SAN FERDINANDO,POZZO PER ACQUA,25,15°56'15.68''E,38°29'12.16''N,http://sgi2.isprambiente.it/indagini/scheda_indagine.aspx?Codice=176999,POZZI IDRICI
TAURIANOVA,POZZO PER ACQUA,120,16°01'40.69''E,38°21'23.15''N,http://sgi2.isprambiente.it/indagini/scheda_indagine.aspx?Codice=177106,POZZI IDRICI
POLISTENA,POZZO PER ACQUA,102,16°04'18.70''E,38°23'41.17''N,http://sgi2.isprambiente.it/indagini/scheda_indagine.aspx?Codice=176780,POZZI IDRICI
SAN CALOGERO,POZZO PER ACQUA,35,16°00'58.64''E,38°33'14.18''N,http://sgi2.isprambiente.it/indagini/scheda_indagine.aspx?Codice=176003,POZZI IDRICI
SAN CALOGERO,POZZO PER ACQUA,170,16°00'53.68''E,38°33'38.16''N,http://sgi2.isprambiente.it/indagini/scheda_indagine.aspx?Codice=175937,POZZI IDRICI
RIZZICONI,POZZO PER ACQUA,55,15°58'44.69''E,38°26'20.15''N,http://sgi2.isprambiente.it/indagini/scheda_indagine.aspx?Codice=176829,POZZI IDRICI
GIOIA TAURO,POZZO PER ACQUA,100,15°56'33.68''E,38°24'52.16''N,http://sgi2.isprambiente.it/indagini/scheda_indagine.aspx?Codice=176431,POZZI IDRICI
SAN CALOGERO,POZZO PER ACQUA,155,16°01'18.66''E,38°33'27.14''N,http://sgi2.isprambiente.it/indagini/scheda_indagine.aspx?Codice=175947,POZZI IDRICI
TAURIANOVA,POZZO PER ACQUA,80,16°00'43.70''E,38°21'46.15''N,http://sgi2.isprambiente.it/indagini/scheda_indagine.aspx?Codice=177061,POZZI IDRICI
RIZZICONI,POZZO PER ACQUA,50,16°00'38.70''E,38°24'46.15''N,http://sgi2.isprambiente.it/indagini/scheda_indagine.aspx?Codice=176962,POZZI IDRICI
TAURIANOVA,POZZO PER ACQUA,60,15°59'56.69''E,38°23'30.16''N,http://sgi2.isprambiente.it/indagini/scheda_indagine.aspx?Codice=177113,POZZI IDRICI
TAURIANOVA,POZZO PER ACQUA,70,16°00'43.65''E,38°23'11.56''N,http://sgi2.isprambiente.it/indagini/scheda_indagine.aspx?Codice=16709,POZZI IDRICI
TAURIANOVA,POZZO PER ACQUA,60,15°58'48.68''E,38°22'09.16''N,http://sgi2.isprambiente.it/indagini/scheda_indagine.aspx?Codice=177165,POZZI IDRICI
POLISTENA,POZZO PER ACQUA,70,16°02'59.68''E,38°25'05.16''N,http://sgi2.isprambiente.it/indagini/scheda_indagine.aspx?Codice=176541,POZZI IDRICI
CITTANOVA,POZZO PER ACQUA,150,16°03'07.67''E,38°23'49.16''N,http://sgi2.isprambiente.it/indagini/scheda_indagine.aspx?Codice=176342,POZZI IDRICI
LIMBADI,POZZO PER ACQUA,118,15°59'26.66''E,38°34'47.17''N,http://sgi2.isprambiente.it/indagini/scheda_indagine.aspx?Codice=175659,POZZI IDRICI
MELICUCCO,POZZO PER ACQUA,140,16°02'03.35''E,38°27'29.87''N,http://sgi2.isprambiente.it/indagini/scheda_indagine.aspx?Codice=16579,POZZI IDRICI
GIOIA TAURO,POZZO PER ACQUA,70,15°55'04.69''E,38°25'25.14''N,http://sgi2.isprambiente.it/indagini/scheda_indagine.aspx?Codice=176461,POZZI IDRICI
ROSARNO,POZZO PER ACQUA,68,15°59'35.66''E,38°27'09.18''N,http://sgi2.isprambiente.it/indagini/scheda_indagine.aspx?Codice=177022,POZZI IDRICI
CANDIDONI,POZZO PER ACQUA,50,16°03'11.01''E,38°30'49.57''N,http://sgi2.isprambiente.it/indagini/scheda_indagine.aspx?Codice=16544,POZZI IDRICI
LIMBADI,POZZO PER ACQUA,270,15°58'09.66''E,38°33'56.16''N,http://sgi2.isprambiente.it/indagini/scheda_indagine.aspx?Codice=175633,POZZI IDRICI
FEROLETO DELLA CHIESA,POZZO PER ACQUA,200,16°03'01.69''E,38°28'15.17''N,http://sgi2.isprambiente.it/indagini/scheda_indagine.aspx?Codice=176376,POZZI IDRICI
LAUREANA DI BORRELLO,POZZO PER ACQUA,211,16°02'54.67''E,38°28'53.18''N,http://sgi2.isprambiente.it/indagini/scheda_indagine.aspx?Codice=176355,POZZI IDRICI
POLISTENA,POZZO PER ACQUA,82,16°03'02.89''E,38°24'26.81''N,http://sgi2.isprambiente.it/indagini/scheda_indagine.aspx?Codice=16594,POZZI IDRICI
SAN CALOGERO,POZZO PER ACQUA,80,15°59'28.64''E,38°31'42.17''N,http://sgi2.isprambiente.it/indagini/scheda_indagine.aspx?Codice=175969,POZZI IDRICI
CINQUEFRONDI,POZZO PER ACQUA,118,16°04'58.69''E,38°24'50.18''N,http://sgi2.isprambiente.it/indagini/scheda_indagine.aspx?Codice=176261,POZZI IDRICI
CITTANOVA,POZZO PER ACQUA,52,16°01'35.69''E,38°25'11.17''N,http://sgi2.isprambiente.it/indagini/scheda_indagine.aspx?Codice=176331,POZZI IDRICI
POLISTENA,POZZO PER ACQUA,102,16°02'41.68''E,38°25'05.16''N,http://sgi2.isprambiente.it/indagini/scheda_indagine.aspx?Codice=176659,POZZI IDRICI
POLISTENA,POZZO PER ACQUA,86,16°03'34.70''E,38°25'28.16''N,http://sgi2.isprambiente.it/indagini/scheda_indagine.aspx?Codice=176603,POZZI IDRICI
RIZZICONI,POZZO PER ACQUA,56,16°00'29.70''E,38°25'06.17''N,http://sgi2.isprambiente.it/indagini/scheda_indagine.aspx?Codice=176857,POZZI IDRICI
ROSARNO,POZZO PER ACQUA,55,15°58'31.66''E,38°28'03.14''N,http://sgi2.isprambiente.it/indagini/scheda_indagine.aspx?Codice=176956,POZZI IDRICI
SERRATA,POZZO PER ACQUA,40,16°06'05.10''E,38°31'45.21''N,http://sgi2.isprambiente.it/indagini/scheda_indagine.aspx?Codice=16698,POZZI IDRICI
LIMBADI,POZZO PER ACQUA,116,15°57'28.66''E,38°34'43.14''N,http://sgi2.isprambiente.it/indagini/scheda_indagine.aspx?Codice=175680,POZZI IDRICI
ANOIA,POZZO PER ACQUA,90,16°02'49.67''E,38°26'46.18''N,http://sgi2.isprambiente.it/indagini/scheda_indagine.aspx?Codice=176186,POZZI IDRICI
ROSARNO,POZZO PER ACQUA,35,16°02'45.67''E,38°30'30.17''N,http://sgi2.isprambiente.it/indagini/scheda_indagine.aspx?Codice=176953,POZZI IDRICI
TAURIANOVA,POZZO PER ACQUA,70,16°00'21.67''E,38°22'44.15''N,http://sgi2.isprambiente.it/indagini/scheda_indagine.aspx?Codice=177082,POZZI IDRICI
ROSARNO,POZZO PER ACQUA,95,16°01'23.66''E,38°26'56.18''N,http://sgi2.isprambiente.it/indagini/scheda_indagine.aspx?Codice=177031,POZZI IDRICI
CINQUEFRONDI,POZZO PER ACQUA,107,16°04'38.68''E,38°25'38.17''N,http://sgi2.isprambiente.it/indagini/scheda_indagine.aspx?Codice=176275,POZZI IDRICI
SAN CALOGERO,POZZO PER ACQUA,90,16°01'22.66''E,38°34'48.18''N,http://sgi2.isprambiente.it/indagini/scheda_indagine.aspx?Codice=175892,POZZI IDRICI
SAN CALOGERO,POZZO PER ACQUA,102,16°00'25.67''E,38°33'29.16''N,http://sgi2.isprambiente.it/indagini/scheda_indagine.aspx?Codice=175898,POZZI IDRICI
POLISTENA,POZZO PER ACQUA,100,16°03'57.67''E,38°25'28.16''N,http://sgi2.isprambiente.it/indagini/scheda_indagine.aspx?Codice=176589,POZZI IDRICI
NICOTERA,POZZO PER ACQUA,95,15°57'58.64''E,38°31'36.16''N,http://sgi2.isprambiente.it/indagini/scheda_indagine.aspx?Codice=175786,POZZI IDRICI
MILETO,POZZO PER ACQUA,318,16°03'31.07''E,38°34'39.98''N,http://sgi2.isprambiente.it/indagini/scheda_indagine.aspx?Codice=16770,POZZI IDRICI
ROMBIOLO,POZZO PER ACQUA,130,15°57'53.64''E,38°35'32.14''N,http://sgi2.isprambiente.it/indagini/scheda_indagine.aspx?Codice=175818,POZZI IDRICI
RIZZICONI,POZZO PER ACQUA,110,16°00'46.69''E,38°25'46.16''N,http://sgi2.isprambiente.it/indagini/scheda_indagine.aspx?Codice=177007,POZZI IDRICI
GIOIA TAURO,POZZO PER ACQUA,41,15°56'28.68''E,38°26'16.15''N,http://sgi2.isprambiente.it/indagini/scheda_indagine.aspx?Codice=176422,POZZI IDRICI
LIMBADI,POZZO PER ACQUA,118,15°57'38.66''E,38°33'02.16''N,http://sgi2.isprambiente.it/indagini/scheda_indagine.aspx?Codice=175580,POZZI IDRICI
NICOTERA,POZZO PER ACQUA,105,15°58'08.65''E,38°31'58.15''N,http://sgi2.isprambiente.it/indagini/scheda_indagine.aspx?Codice=175795,POZZI IDRICI
POLISTENA,POZZO PER ACQUA,70,16°03'52.67''E,38°25'23.16''N,http://sgi2.isprambiente.it/indagini/scheda_indagine.aspx?Codice=176792,POZZI IDRICI
CANDIDONI,POZZO PER ACQUA,125,16°00'18.56''E,38°30'31.98''N,http://sgi2.isprambiente.it/indagini/scheda_indagine.aspx?Codice=16547,POZZI IDRICI
TAURIANOVA,POZZO PER ACQUA,40,15°57'04.65''E,38°23'14.80''N,http://sgi2.isprambiente.it/indagini/scheda_indagine.aspx?Codice=16723,POZZI IDRICI
POLISTENA,POZZO PER ACQUA,80,16°03'50.69''E,38°24'08.17''N,http://sgi2.isprambiente.it/indagini/scheda_indagine.aspx?Codice=176630,POZZI IDRICI
SAN CALOGERO,POZZO PER ACQUA,134,16°00'43.67''E,38°33'19.15''N,http://sgi2.isprambiente.it/indagini/scheda_indagine.aspx?Codice=175879,POZZI IDRICI
RIZZICONI,POZZO PER ACQUA,56,16°00'36.68''E,38°24'59.15''N,http://sgi2.isprambiente.it/indagini/scheda_indagine.aspx?Codice=176885,POZZI IDRICI
GIOIA TAURO,POZZO PER ACQUA,50,15°56'44.12''E,38°24'48.46''N,http://sgi2.isprambiente.it/indagini/scheda_indagine.aspx?Codice=16562,POZZI IDRICI
TAURIANOVA,POZZO PER ACQUA,137.5,16°03'04.68''E,38°22'15.17''N,http://sgi2.isprambiente.it/indagini/scheda_indagine.aspx?Codice=177103,POZZI IDRICI
RIZZICONI,POZZO PER ACQUA,50,15°59'00.67''E,38°25'13.15''N,http://sgi2.isprambiente.it/indagini/scheda_indagine.aspx?Codice=176926,POZZI IDRICI
CITTANOVA,POZZO PER ACQUA,60,16°00'46.69''E,38°24'41.15''N,http://sgi2.isprambiente.it/indagini/scheda_indagine.aspx?Codice=176297,POZZI IDRICI
LIMBADI,POZZO PER ACQUA,155,15°59'04.67''E,38°31'33.17''N,http://sgi2.isprambiente.it/indagini/scheda_indagine.aspx?Codice=175570,POZZI IDRICI
GIOIA TAURO,POZZO PER ACQUA,50,15°55'58.66''E,38°27'17.17''N,http://sgi2.isprambiente.it/indagini/scheda_indagine.aspx?Codice=176435,POZZI IDRICI
RIZZICONI,POZZO PER ACQUA,50,15°57'32.69''E,38°23'41.17''N,http://sgi2.isprambiente.it/indagini/scheda_indagine.aspx?Codice=176825,POZZI IDRICI
MELICUCCO,POZZO PER ACQUA,83,16°02'37.68''E,38°25'32.16''N,http://sgi2.isprambiente.it/indagini/scheda_indagine.aspx?Codice=176380,POZZI IDRICI
RIZZICONI,POZZO PER ACQUA,102,16°00'50.69''E,38°25'57.14''N,http://sgi2.isprambiente.it/indagini/scheda_indagine.aspx?Codice=176832,POZZI IDRICI
TAURIANOVA,POZZO PER ACQUA,180,15°56'42.53''E,38°22'08.60''N,http://sgi2.isprambiente.it/indagini/scheda_indagine.aspx?Codice=16712,POZZI IDRICI
POLISTENA,POZZO PER ACQUA,95,16°02'55.68''E,38°25'03.18''N,http://sgi2.isprambiente.it/indagini/scheda_indagine.aspx?Codice=176686,POZZI IDRICI
ACQUARO,POZZO PER ACQUA,125,16°12'58.68''E,38°31'08.18''N,http://sgi2.isprambiente.it/indagini/scheda_indagine.aspx?Codice=153928,POZZI IDRICI
TAURIANOVA,POZZO PER ACQUA,60,15°58'54.70''E,38°23'54.17''N,http://sgi2.isprambiente.it/indagini/scheda_indagine.aspx?Codice=177067,POZZI IDRICI
RIZZICONI,POZZO PER ACQUA,50,15°59'51.68''E,38°24'45.14''N,http://sgi2.isprambiente.it/indagini/scheda_indagine.aspx?Codice=176891,POZZI IDRICI
RIZZICONI,POZZO PER ACQUA,50,15°57'08.99''E,38°25'29.39''N,http://sgi2.isprambiente.it/indagini/scheda_indagine.aspx?Codice=16680,POZZI IDRICI
PALMI,POZZO PER ACQUA,20,15°52'23.66''E,38°24'32.15''N,http://sgi2.isprambiente.it/indagini/scheda_indagine.aspx?Codice=176545,POZZI IDRICI
ROMBIOLO,POZZO PER ACQUA,75,15°59'18.64''E,38°36'08.17''N,http://sgi2.isprambiente.it/indagini/scheda_indagine.aspx?Codice=175830,POZZI IDRICI
RIZZICONI,POZZO PER ACQUA,54,15°58'36.70''E,38°23'43.15''N,http://sgi2.isprambiente.it/indagini/scheda_indagine.aspx?Codice=176861,POZZI IDRICI
MILETO,POZZO PER ACQUA,170,16°04'18.66''E,38°34'12.18''N,http://sgi2.isprambiente.it/indagini/scheda_indagine.aspx?Codice=175758,POZZI IDRICI
POLISTENA,POZZO PER ACQUA,108,16°03'46.69''E,38°25'01.16''N,http://sgi2.isprambiente.it/indagini/scheda_indagine.aspx?Codice=176599,POZZI IDRICI
GIOIA TAURO,POZZO PER ACQUA,50,15°57'28.66''E,38°26'55.14''N,http://sgi2.isprambiente.it/indagini/scheda_indagine.aspx?Codice=176456,POZZI IDRICI
LAUREANA DI BORRELLO,POZZO PER ACQUA,160,16°01'45.66''E,38°28'58.19''N,http://sgi2.isprambiente.it/indagini/scheda_indagine.aspx?Codice=176364,POZZI IDRICI
SAN CALOGERO,POZZO PER ACQUA,105,16°02'13.67''E,38°34'17.15''N,http://sgi2.isprambiente.it/indagini/scheda_indagine.aspx?Codice=175843,POZZI IDRICI
SAN GIORGIO MORGETO,POZZO PER ACQUA,220,16°05'35.70''E,38°22'53.18''N,http://sgi2.isprambiente.it/indagini/scheda_indagine.aspx?Codice=177040,POZZI IDRICI
SAN GIORGIO MORGETO,POZZO PER ACQUA,86,16°05'05.85''E,38°23'29.88''N,http://sgi2.isprambiente.it/indagini/scheda_indagine.aspx?Codice=16694,POZZI IDRICI
GIOIA TAURO,POZZO PER ACQUA,52,15°56'57.66''E,38°26'18.17''N,http://sgi2.isprambiente.it/indagini/scheda_indagine.aspx?Codice=176445,POZZI IDRICI
SAN CALOGERO,POZZO PER ACQUA,130,16°01'44.65''E,38°35'22.16''N,http://sgi2.isprambiente.it/indagini/scheda_indagine.aspx?Codice=175911,POZZI IDRICI
GIOIA TAURO,POZZO PER ACQUA,80,15°55'11.68''E,38°24'12.13''N,http://sgi2.isprambiente.it/indagini/scheda_indagine.aspx?Codice=176416,POZZI IDRICI
ROSARNO,POZZO PER ACQUA,80,16°01'34.68''E,38°26'53.16''N,http://sgi2.isprambiente.it/indagini/scheda_indagine.aspx?Codice=176989,POZZI IDRICI
POLISTENA,POZZO PER ACQUA,94,16°03'15.70''E,38°25'30.18''N,http://sgi2.isprambiente.it/indagini/scheda_indagine.aspx?Codice=176590,POZZI IDRICI
TAURIANOVA,POZZO PER ACQUA,60,15°59'02.69''E,38°21'34.16''N,http://sgi2.isprambiente.it/indagini/scheda_indagine.aspx?Codice=177090,POZZI IDRICI
MELICUCCO,POZZO PER ACQUA,90,16°02'54.67''E,38°26'34.19''N,http://sgi2.isprambiente.it/indagini/scheda_indagine.aspx?Codice=176369,POZZI IDRICI
RIZZICONI,POZZO PER ACQUA,45,16°00'25.78''E,38°24'31.96''N,http://sgi2.isprambiente.it/indagini/scheda_indagine.aspx?Codice=16685,POZZI IDRICI
NICOTERA,POZZO PER ACQUA,72,15°57'18.65''E,38°33'40.14''N,http://sgi2.isprambiente.it/indagini/scheda_indagine.aspx?Codice=175819,POZZI IDRICI
SAN CALOGERO,POZZO PER ACQUA,110,16°00'42.66''E,38°33'17.17''N,http://sgi2.isprambiente.it/indagini/scheda_indagine.aspx?Codice=175852,POZZI IDRICI
TAURIANOVA,POZZO PER ACQUA,45,15°59'07.69''E,38°23'24.18''N,http://sgi2.isprambiente.it/indagini/scheda_indagine.aspx?Codice=177184,POZZI IDRICI
MILETO,POZZO PER ACQUA,100,16°03'45.65''E,38°34'55.16''N,http://sgi2.isprambiente.it/indagini/scheda_indagine.aspx?Codice=175747,POZZI IDRICI
GIOIA TAURO,POZZO PER ACQUA,46,15°55'30.57''E,38°25'07.23''N,http://sgi2.isprambiente.it/indagini/scheda_indagine.aspx?Codice=16565,POZZI IDRICI
ROSARNO,POZZO PER ACQUA,130,16°01'07.68''E,38°27'21.17''N,http://sgi2.isprambiente.it/indagini/scheda_indagine.aspx?Codice=176978,POZZI IDRICI
NICOTERA,POZZO PER ACQUA,110,15°56'31.67''E,38°33'09.14''N,http://sgi2.isprambiente.it/indagini/scheda_indagine.aspx?Codice=175810,POZZI IDRICI
RIZZICONI,POZZO PER ACQUA,50,16°00'20.70''E,38°25'00.16''N,http://sgi2.isprambiente.it/indagini/scheda_indagine.aspx?Codice=176899,POZZI IDRICI
POLISTENA,POZZO PER ACQUA,100,16°05'10.68''E,38°24'04.18''N,http://sgi2.isprambiente.it/indagini/scheda_indagine.aspx?Codice=176634,POZZI IDRICI
RIZZICONI,POZZO PER ACQUA,40,15°59'18.67''E,38°25'42.17''N,http://sgi2.isprambiente.it/indagini/scheda_indagine.aspx?Codice=176879,POZZI IDRICI
SAN GIORGIO MORGETO,POZZO PER ACQUA,150,16°04'28.70''E,38°23'29.18''N,http://sgi2.isprambiente.it/indagini/scheda_indagine.aspx?Codice=177011,POZZI IDRICI
LIMBADI,POZZO PER ACQUA,140,15°58'45.66''E,38°33'19.15''N,http://sgi2.isprambiente.it/indagini/scheda_indagine.aspx?Codice=175650,POZZI IDRICI
TAURIANOVA,POZZO PER ACQUA,110,15°56'59.68''E,38°22'56.14''N,http://sgi2.isprambiente.it/indagini/scheda_indagine.aspx?Codice=177104,POZZI IDRICI
POLISTENA,POZZO PER ACQUA,110,16°03'48.67''E,38°24'30.17''N,http://sgi2.isprambiente.it/indagini/scheda_indagine.aspx?Codice=176787,POZZI IDRICI
POLISTENA,POZZO PER ACQUA,90,16°03'04.68''E,38°24'50.18''N,http://sgi2.isprambiente.it/indagini/scheda_indagine.aspx?Codice=176538,POZZI IDRICI
CITTANOVA,POZZO PER ACQUA,65,16°02'29.69''E,38°26'09.17''N,http://sgi2.isprambiente.it/indagini/scheda_indagine.aspx?Codice=176329,POZZI IDRICI
POLISTENA,POZZO PER ACQUA,96,16°04'26.69''E,38°24'36.18''N,http://sgi2.isprambiente.it/indagini/scheda_indagine.aspx?Codice=176578,POZZI IDRICI
LIMBADI,POZZO PER ACQUA,100,15°57'32.65''E,38°34'30.14''N,http://sgi2.isprambiente.it/indagini/scheda_indagine.aspx?Codice=175631,POZZI IDRICI
RIZZICONI,POZZO PER ACQUA,65,15°59'22.67''E,38°24'58.18''N,http://sgi2.isprambiente.it/indagini/scheda_indagine.aspx?Codice=176827,POZZI IDRICI
POLISTENA,POZZO PER ACQUA,100,16°02'23.68''E,38°25'01.16''N,http://sgi2.isprambiente.it/indagini/scheda_indagine.aspx?Codice=176646,POZZI IDRICI
FEROLETO DELLA CHIESA,POZZO PER ACQUA,78,16°02'57.66''E,38°27'45.18''N,http://sgi2.isprambiente.it/indagini/scheda_indagine.aspx?Codice=176382,POZZI IDRICI
TAURIANOVA,POZZO PER ACQUA,60,15°59'24.68''E,38°22'47.14''N,http://sgi2.isprambiente.it/indagini/scheda_indagine.aspx?Codice=177129,POZZI IDRICI
POLISTENA,POZZO PER ACQUA,100,16°03'57.67''E,38°24'26.17''N,http://sgi2.isprambiente.it/indagini/scheda_indagine.aspx?Codice=176689,POZZI IDRICI
RIZZICONI,POZZO PER ACQUA,102,16°00'33.70''E,38°26'01.14''N,http://sgi2.isprambiente.it/indagini/scheda_indagine.aspx?Codice=176894,POZZI IDRICI
LIMBADI,POZZO PER ACQUA,180,15°59'13.80''E,38°32'39.80''N,http://sgi2.isprambiente.it/indagini/scheda_indagine.aspx?Codice=16767,POZZI IDRICI
TAURIANOVA,POZZO PER ACQUA,56,15°58'41.70''E,38°23'32.17''N,http://sgi2.isprambiente.it/indagini/scheda_indagine.aspx?Codice=177070,POZZI IDRICI
TAURIANOVA,POZZO PER ACQUA,55,16°00'02.11''E,38°23'42.50''N,http://sgi2.isprambiente.it/indagini/scheda_indagine.aspx?Codice=16715,POZZI IDRICI
POLISTENA,POZZO PER ACQUA,117,16°03'07.67''E,38°25'10.16''N,http://sgi2.isprambiente.it/indagini/scheda_indagine.aspx?Codice=176673,POZZI IDRICI
SAN CALOGERO,POZZO PER ACQUA,112,16°02'21.66''E,38°35'16.15''N,http://sgi2.isprambiente.it/indagini/scheda_indagine.aspx?Codice=175964,POZZI IDRICI
SAN CALOGERO,POZZO PER ACQUA,120,16°02'00.64''E,38°35'13.16''N,http://sgi2.isprambiente.it/indagini/scheda_indagine.aspx?Codice=175905,POZZI IDRICI
SAN GIORGIO MORGETO,POZZO PER ACQUA,87,16°05'02.40''E,38°23'30.26''N,http://sgi2.isprambiente.it/indagini/scheda_indagine.aspx?Codice=16695,POZZI IDRICI
CITTANOVA,POZZO PER ACQUA,91,16°02'02.69''E,38°26'15.18''N,http://sgi2.isprambiente.it/indagini/scheda_indagine.aspx?Codice=176337,POZZI IDRICI
ROSARNO,POZZO PER ACQUA,52,15°58'30.68''E,38°28'02.17''N,http://sgi2.isprambiente.it/indagini/scheda_indagine.aspx?Codice=176954,POZZI IDRICI
LIMBADI,POZZO PER ACQUA,80,15°58'33.67''E,38°32'57.16''N,http://sgi2.isprambiente.it/indagini/scheda_indagine.aspx?Codice=175678,POZZI IDRICI
ROSARNO,POZZO PER ACQUA,74,16°02'06.68''E,38°26'43.15''N,http://sgi2.isprambiente.it/indagini/scheda_indagine.aspx?Codice=177044,POZZI IDRICI
SERRA SAN BRUNO,POZZO PER ACQUA,44,16°18'59.65''E,38°34'42.20''N,http://sgi2.isprambiente.it/indagini/scheda_indagine.aspx?Codice=153937,POZZI IDRICI
SAN CALOGERO,POZZO PER ACQUA,110,16°02'22.67''E,38°34'05.16''N,http://sgi2.isprambiente.it/indagini/scheda_indagine.aspx?Codice=175834,POZZI IDRICI
TAURIANOVA,POZZO PER ACQUA,52,15°58'51.90''E,38°23'49.09''N,http://sgi2.isprambiente.it/indagini/scheda_indagine.aspx?Codice=16720,POZZI IDRICI
RIZZICONI,POZZO PER ACQUA,70,16°00'48.67''E,38°24'11.16''N,http://sgi2.isprambiente.it/indagini/scheda_indagine.aspx?Codice=176852,POZZI IDRICI
ROSARNO,POZZO PER ACQUA,45,15°56'35.31''E,38°28'01.55''N,http://sgi2.isprambiente.it/indagini/scheda_indagine.aspx?Codice=16691,POZZI IDRICI
RIZZICONI,POZZO PER ACQUA,62,15°59'47.69''E,38°24'49.14''N,http://sgi2.isprambiente.it/indagini/scheda_indagine.aspx?Codice=176882,POZZI IDRICI
NICOTERA,POZZO PER ACQUA,180,15°56'55.64''E,38°33'11.16''N,http://sgi2.isprambiente.it/indagini/scheda_indagine.aspx?Codice=175824,POZZI IDRICI
ROSARNO,POZZO PER ACQUA,130,16°01'38.68''E,38°26'24.18''N,http://sgi2.isprambiente.it/indagini/scheda_indagine.aspx?Codice=176950,POZZI IDRICI
NICOTERA,POZZO PER ACQUA,50,15°55'34.84''E,38°34'13.21''N,http://sgi2.isprambiente.it/indagini/scheda_indagine.aspx?Codice=16774,POZZI IDRICI
ROSARNO,POZZO PER ACQUA,85,16°01'12.68''E,38°26'53.16''N,http://sgi2.isprambiente.it/indagini/scheda_indagine.aspx?Codice=176982,POZZI IDRICI
POLISTENA,POZZO PER ACQUA,100,16°02'50.68''E,38°25'09.19''N,http://sgi2.isprambiente.it/indagini/scheda_indagine.aspx?Codice=176597,POZZI IDRICI
GIOIA TAURO,POZZO PER ACQUA,50,15°57'28.66''E,38°26'55.14''N,http://sgi2.isprambiente.it/indagini/scheda_indagine.aspx?Codice=176454,POZZI IDRICI
TAURIANOVA,POZZO PER ACQUA,185,15°56'39.70''E,38°22'03.14''N,http://sgi2.isprambiente.it/indagini/scheda_indagine.aspx?Codice=177173,POZZI IDRICI
RIZZICONI,POZZO PER ACQUA,65,15°58'24.67''E,38°26'17.16''N,http://sgi2.isprambiente.it/indagini/scheda_indagine.aspx?Codice=177028,POZZI IDRICI
GIOIA TAURO,POZZO PER ACQUA,70,15°55'09.70''E,38°24'30.13''N,http://sgi2.isprambiente.it/indagini/scheda_indagine.aspx?Codice=176419,POZZI IDRICI
SORIANO CALABRO,POZZO PER ACQUA,60,16°12'41.09''E,38°36'08.04''N,http://sgi2.isprambiente.it/indagini/scheda_indagine.aspx?Codice=16800,POZZI IDRICI
CITTANOVA,POZZO PER ACQUA,117,16°02'20.69''E,38°24'15.16''N,http://sgi2.isprambiente.it/indagini/scheda_indagine.aspx?Codice=176316,POZZI IDRICI
ROMBIOLO,POZZO PER ACQUA,100,16°00'44.64''E,38°35'17.16''N,http://sgi2.isprambiente.it/indagini/scheda_indagine.aspx?Codice=175814,POZZI IDRICI
NICOTERA,POZZO PER ACQUA,30,15°57'14.65''E,38°32'22.16''N,http://sgi2.isprambiente.it/indagini/scheda_indagine.aspx?Codice=175783,POZZI IDRICI
SPILINGA,POZZO IDROPOTABILE (ACQUEDOTTISTICO),150,15°54'12.64''E,38°36'13.14''N,http://sgi2.isprambiente.it/indagini/scheda_indagine.aspx?Codice=176025,POZZI ACQUEDOTTISTICI
TAURIANOVA,POZZO PER ACQUA,90,16°00'28.69''E,38°22'09.16''N,http://sgi2.isprambiente.it/indagini/scheda_indagine.aspx?Codice=177213,POZZI IDRICI
POLISTENA,POZZO PER ACQUA,80,16°02'30.70''E,38°25'27.16''N,http://sgi2.isprambiente.it/indagini/scheda_indagine.aspx?Codice=176584,POZZI IDRICI
POLISTENA,POZZO PER ACQUA,60,16°05'08.70''E,38°24'00.18''N,http://sgi2.isprambiente.it/indagini/scheda_indagine.aspx?Codice=176614,POZZI IDRICI
CANDIDONI,POZZO PER ACQUA,31,15°59'19.73''E,38°30'07.63''N,http://sgi2.isprambiente.it/indagini/scheda_indagine.aspx?Codice=16545,POZZI IDRICI
SAN CALOGERO,POZZO PER ACQUA,100,16°00'40.64''E,38°32'56.15''N,http://sgi2.isprambiente.it/indagini/scheda_indagine.aspx?Codice=175888,POZZI IDRICI
CITTANOVA,POZZO PER ACQUA,100,16°02'03.70''E,38°25'58.19''N,http://sgi2.isprambiente.it/indagini/scheda_indagine.aspx?Codice=176298,POZZI IDRICI
ROSARNO,POZZO PER ACQUA,70,16°01'02.68''E,38°26'27.17''N,http://sgi2.isprambiente.it/indagini/scheda_indagine.aspx?Codice=177015,POZZI IDRICI
SAN CALOGERO,POZZO PER ACQUA,100,16°02'12.66''E,38°34'40.15''N,http://sgi2.isprambiente.it/indagini/scheda_indagine.aspx?Codice=175876,POZZI IDRICI
ROSARNO,POZZO PER ACQUA,93,16°00'58.68''E,38°26'25.15''N,http://sgi2.isprambiente.it/indagini/scheda_indagine.aspx?Codice=176965,POZZI IDRICI
SAN CALOGERO,POZZO PER ACQUA,121,16°00'43.67''E,38°32'47.18''N,http://sgi2.isprambiente.it/indagini/scheda_indagine.aspx?Codice=175838,POZZI IDRICI
CITTANOVA,POZZO PER ACQUA,70,16°01'14.70''E,38°25'14.16''N,http://sgi2.isprambiente.it/indagini/scheda_indagine.aspx?Codice=176325,POZZI IDRICI
LIMBADI,POZZO PER ACQUA,140,15°59'33.32''E,38°34'25.20''N,http://sgi2.isprambiente.it/indagini/scheda_indagine.aspx?Codice=16764,POZZI IDRICI
LIMBADI,POZZO PER ACQUA,98,15°59'23.64''E,38°33'22.18''N,http://sgi2.isprambiente.it/indagini/scheda_indagine.aspx?Codice=175654,POZZI IDRICI
SAN CALOGERO,POZZO PER ACQUA,146,16°01'12.65''E,38°34'51.17''N,http://sgi2.isprambiente.it/indagini/scheda_indagine.aspx?Codice=175952,POZZI IDRICI
ROMBIOLO,POZZO PER ACQUA,120,15°59'55.76''E,38°35'57.20''N,http://sgi2.isprambiente.it/indagini/scheda_indagine.aspx?Codice=16793,POZZI IDRICI
RIZZICONI,POZZO PER ACQUA,50,16°00'28.69''E,38°24'35.17''N,http://sgi2.isprambiente.it/indagini/scheda_indagine.aspx?Codice=176889,POZZI IDRICI
CITTANOVA,POZZO PER ACQUA,100,16°03'48.67''E,38°20'55.14''N,http://sgi2.isprambiente.it/indagini/scheda_indagine.aspx?Codice=153905,POZZI IDRICI
ROSARNO,POZZO PER ACQUA,65,15°57'28.66''E,38°27'41.15''N,http://sgi2.isprambiente.it/indagini/scheda_indagine.aspx?Codice=176941,POZZI IDRICI
LIMBADI,POZZO PER ACQUA,154,15°59'53.66''E,38°32'49.16''N,http://sgi2.isprambiente.it/indagini/scheda_indagine.aspx?Codice=175577,POZZI IDRICI
CITTANOVA,POZZO PER ACQUA,50,16°00'58.68''E,38°24'32.15''N,http://sgi2.isprambiente.it/indagini/scheda_indagine.aspx?Codice=176347,POZZI IDRICI
POLISTENA,POZZO PER ACQUA,96,16°02'38.69''E,38°25'22.15''N,http://sgi2.isprambiente.it/indagini/scheda_indagine.aspx?Codice=176534,POZZI IDRICI
RIZZICONI,POZZO PER ACQUA,60,15°59'25.69''E,38°26'20.15''N,http://sgi2.isprambiente.it/indagini/scheda_indagine.aspx?Codice=176830,POZZI IDRICI
FRANCICA,POZZO PER ACQUA,80,16°07'57.65''E,38°35'12.19''N,http://sgi2.isprambiente.it/indagini/scheda_indagine.aspx?Codice=175518,POZZI IDRICI
LIMBADI,POZZO PER ACQUA,190,15°59'12.66''E,38°32'54.17''N,http://sgi2.isprambiente.it/indagini/scheda_indagine.aspx?Codice=175620,POZZI IDRICI
SAN CALOGERO,POZZO PER ACQUA,160,16°01'03.65''E,38°34'01.16''N,http://sgi2.isprambiente.it/indagini/scheda_indagine.aspx?Codice=175848,POZZI IDRICI
POLISTENA,POZZO PER ACQUA,80,16°03'26.68''E,38°24'29.16''N,http://sgi2.isprambiente.it/indagini/scheda_indagine.aspx?Codice=176681,POZZI IDRICI
POLISTENA,POZZO PER ACQUA,95,16°04'06.71''E,38°25'26.18''N,http://sgi2.isprambiente.it/indagini/scheda_indagine.aspx?Codice=176650,POZZI IDRICI
LAUREANA DI BORRELLO,POZZO PER ACQUA,272,16°02'03.66''E,38°29'14.17''N,http://sgi2.isprambiente.it/indagini/scheda_indagine.aspx?Codice=176358,POZZI IDRICI
RIZZICONI,POZZO PER ACQUA,52,15°57'34.67''E,38°26'24.14''N,http://sgi2.isprambiente.it/indagini/scheda_indagine.aspx?Codice=176846,POZZI IDRICI
POLISTENA,POZZO PER ACQUA,101,16°02'34.69''E,38°25'15.17''N,http://sgi2.isprambiente.it/indagini/scheda_indagine.aspx?Codice=176606,POZZI IDRICI
LIMBADI,POZZO PER ACQUA,280,15°59'04.67''E,38°31'35.15''N,http://sgi2.isprambiente.it/indagini/scheda_indagine.aspx?Codice=175683,POZZI IDRICI
RIZZICONI,POZZO PER ACQUA,55,15°58'05.66''E,38°26'33.14''N,http://sgi2.isprambiente.it/indagini/scheda_indagine.aspx?Codice=176884,POZZI IDRICI
ROSARNO,POZZO IDROPOTABILE (ACQUEDOTTISTICO),50,15°58'47.35''E,38°28'03.44''N,http://sgi2.isprambiente.it/indagini/scheda_indagine.aspx?Codice=16693,POZZI ACQUEDOTTISTICI
CANDIDONI,POZZO PER ACQUA,132,16°01'42.67''E,38°31'41.16''N,http://sgi2.isprambiente.it/indagini/scheda_indagine.aspx?Codice=176228,POZZI IDRICI
LIMBADI,POZZO PER ACQUA,307,15°58'19.67''E,38°32'32.14''N,http://sgi2.isprambiente.it/indagini/scheda_indagine.aspx?Codice=175615,POZZI IDRICI
CITTANOVA,POZZO PER ACQUA,98,16°02'11.69''E,38°26'27.17''N,http://sgi2.isprambiente.it/indagini/scheda_indagine.aspx?Codice=176339,POZZI IDRICI
TAURIANOVA,POZZO PER ACQUA,62,15°58'41.70''E,38°23'40.16''N,http://sgi2.isprambiente.it/indagini/scheda_indagine.aspx?Codice=177083,POZZI IDRICI
LIMBADI,POZZO PER ACQUA,115,15°58'31.66''E,38°33'12.17''N,http://sgi2.isprambiente.it/indagini/scheda_indagine.aspx?Codice=175667,POZZI IDRICI
POLISTENA,POZZO PER ACQUA,105,16°03'23.69''E,38°24'46.19''N,http://sgi2.isprambiente.it/indagini/scheda_indagine.aspx?Codice=176586,POZZI IDRICI
SAN CALOGERO,POZZO PER ACQUA,120,15°59'58.67''E,38°33'38.16''N,http://sgi2.isprambiente.it/indagini/scheda_indagine.aspx?Codice=175900,POZZI IDRICI
MILETO,POZZO PER ACQUA,180,16°05'29.65''E,38°35'07.19''N,http://sgi2.isprambiente.it/indagini/scheda_indagine.aspx?Codice=175751,POZZI IDRICI
MELICUCCO,POZZO PER ACQUA,120,16°02'58.67''E,38°26'18.17''N,http://sgi2.isprambiente.it/indagini/scheda_indagine.aspx?Codice=176374,POZZI IDRICI
CANDIDONI,POZZO PER ACQUA,45,15°58'28.70''E,38°29'58.74''N,http://sgi2.isprambiente.it/indagini/scheda_indagine.aspx?Codice=16546,POZZI IDRICI
RIZZICONI,POZZO PER ACQUA,60,15°58'45.70''E,38°23'51.14''N,http://sgi2.isprambiente.it/indagini/scheda_indagine.aspx?Codice=176823,POZZI IDRICI
LIMBADI,POZZO PER ACQUA,160,15°59'18.67''E,38°33'59.15''N,http://sgi2.isprambiente.it/indagini/scheda_indagine.aspx?Codice=175596,POZZI IDRICI
SAN CALOGERO,POZZO PER ACQUA,110,16°00'17.68''E,38°32'05.17''N,http://sgi2.isprambiente.it/indagini/scheda_indagine.aspx?Codice=175860,POZZI IDRICI
GIOIA TAURO,POZZO PER ACQUA,35,15°54'55.98''E,38°26'11.02''N,http://sgi2.isprambiente.it/indagini/scheda_indagine.aspx?Codice=16563,POZZI IDRICI
SAN CALOGERO,POZZO PER ACQUA,100,16°01'23.66''E,38°33'17.17''N,http://sgi2.isprambiente.it/indagini/scheda_indagine.aspx?Codice=175873,POZZI IDRICI
LIMBADI,POZZO PER ACQUA,92,15°59'50.64''E,38°34'44.15''N,http://sgi2.isprambiente.it/indagini/scheda_indagine.aspx?Codice=175655,POZZI IDRICI
TAURIANOVA,POZZO PER ACQUA,50,15°58'58.69''E,38°23'35.16''N,http://sgi2.isprambiente.it/indagini/scheda_indagine.aspx?Codice=177195,POZZI IDRICI
POLISTENA,POZZO PER ACQUA,100,16°04'13.69''E,38°24'27.18''N,http://sgi2.isprambiente.it/indagini/scheda_indagine.aspx?Codice=176608,POZZI IDRICI
ROSARNO,POZZO PER ACQUA,95,16°01'11.68''E,38°26'45.17''N,http://sgi2.isprambiente.it/indagini/scheda_indagine.aspx?Codice=177016,POZZI IDRICI
LIMBADI,POZZO PER ACQUA,95,15°58'10.67''E,38°33'31.14''N,http://sgi2.isprambiente.it/indagini/scheda_indagine.aspx?Codice=175628,POZZI IDRICI
LIMBADI,POZZO PER ACQUA,108,15°59'01.64''E,38°35'27.17''N,http://sgi2.isprambiente.it/indagini/scheda_indagine.aspx?Codice=175571,POZZI IDRICI
TAURIANOVA,POZZO PER ACQUA,50,15°59'07.57''E,38°23'08.84''N,http://sgi2.isprambiente.it/indagini/scheda_indagine.aspx?Codice=16713,POZZI IDRICI
RIZZICONI,POZZO PER ACQUA,45,15°55'26.69''E,38°23'36.17''N,http://sgi2.isprambiente.it/indagini/scheda_indagine.aspx?Codice=176833,POZZI IDRICI
POLISTENA,POZZO PER ACQUA,90,16°01'31.69''E,38°24'26.17''N,http://sgi2.isprambiente.it/indagini/scheda_indagine.aspx?Codice=176683,POZZI IDRICI
LIMBADI,POZZO PER ACQUA,34,15°59'43.53''E,38°32'11.54''N,http://sgi2.isprambiente.it/indagini/scheda_indagine.aspx?Codice=16765,POZZI IDRICI
ROSARNO,POZZO PER ACQUA,80,16°01'09.70''E,38°26'39.16''N,http://sgi2.isprambiente.it/indagini/scheda_indagine.aspx?Codice=176970,POZZI IDRICI
CITTANOVA,POZZO PER ACQUA,81,16°02'28.68''E,38°26'26.20''N,http://sgi2.isprambiente.it/indagini/scheda_indagine.aspx?Codice=176348,POZZI IDRICI
LIMBADI,POZZO PER ACQUA,98,15°58'58.66''E,38°34'42.17''N,http://sgi2.isprambiente.it/indagini/scheda_indagine.aspx?Codice=175607,POZZI IDRICI
RIZZICONI,POZZO PER ACQUA,80,15°56'29.00''E,38°23'45.00''N,http://sgi2.isprambiente.it/indagini/scheda_indagine.aspx?Codice=16681,POZZI IDRICI
POLISTENA,POZZO PER ACQUA,100,16°03'44.68''E,38°24'25.16''N,http://sgi2.isprambiente.it/indagini/scheda_indagine.aspx?Codice=176574,POZZI IDRICI
ROSARNO,POZZO PER ACQUA,55,16°01'35.69''E,38°25'56.17''N,http://sgi2.isprambiente.it/indagini/scheda_indagine.aspx?Codice=176942,POZZI IDRICI
POLISTENA,POZZO PER ACQUA,70,16°03'20.70''E,38°24'34.16''N,http://sgi2.isprambiente.it/indagini/scheda_indagine.aspx?Codice=176544,POZZI IDRICI
LAUREANA DI BORRELLO,POZZO PER ACQUA,250,16°03'23.69''E,38°29'15.18''N,http://sgi2.isprambiente.it/indagini/scheda_indagine.aspx?Codice=176361,POZZI IDRICI
ACQUARO,POZZO PER ACQUA,90,16°10'54.66''E,38°33'18.18''N,http://sgi2.isprambiente.it/indagini/scheda_indagine.aspx?Codice=153929,POZZI IDRICI
ANOIA,POZZO PER ACQUA,70,16°02'43.69''E,38°27'52.16''N,http://sgi2.isprambiente.it/indagini/scheda_indagine.aspx?Codice=176182,POZZI IDRICI
ROSARNO,POZZO PER ACQUA,70,16°01'28.67''E,38°26'52.19''N,http://sgi2.isprambiente.it/indagini/scheda_indagine.aspx?Codice=177042,POZZI IDRICI
POLISTENA,POZZO PER ACQUA,75,16°02'32.68''E,38°25'22.15''N,http://sgi2.isprambiente.it/indagini/scheda_indagine.aspx?Codice=176654,POZZI IDRICI
RIZZICONI,POZZO PER ACQUA,55,15°58'29.68''E,38°25'59.16''N,http://sgi2.isprambiente.it/indagini/scheda_indagine.aspx?Codice=176847,POZZI IDRICI
RIZZICONI,POZZO PER ACQUA,65,15°59'23.68''E,38°26'39.16''N,http://sgi2.isprambiente.it/indagini/scheda_indagine.aspx?Codice=176860,POZZI IDRICI
LIMBADI,POZZO PER ACQUA,132,15°59'25.66''E,38°33'27.14''N,http://sgi2.isprambiente.it/indagini/scheda_indagine.aspx?Codice=175673,POZZI IDRICI
CITTANOVA,POZZO PER ACQUA,100,16°01'46.67''E,38°24'24.16''N,http://sgi2.isprambiente.it/indagini/scheda_indagine.aspx?Codice=176335,POZZI IDRICI
NICOTERA,POZZO PER ACQUA,60,15°57'01.66''E,38°34'41.16''N,http://sgi2.isprambiente.it/indagini/scheda_indagine.aspx?Codice=175831,POZZI IDRICI
TAURIANOVA,POZZO PER ACQUA,70,16°00'14.69''E,38°22'38.14''N,http://sgi2.isprambiente.it/indagini/scheda_indagine.aspx?Codice=177219,POZZI IDRICI
POLISTENA,POZZO PER ACQUA,97,16°04'13.69''E,38°24'23.18''N,http://sgi2.isprambiente.it/indagini/scheda_indagine.aspx?Codice=176626,POZZI IDRICI
GALATRO,POZZO IDROPOTABILE (ACQUEDOTTISTICO),201,16°11'27.98''E,38°29'41.76''N,http://sgi2.isprambiente.it/indagini/scheda_indagine.aspx?Codice=16559,POZZI ACQUEDOTTISTICI
NICOTERA,POZZO PER ACQUA,115,15°55'48.65''E,38°34'52.14''N,http://sgi2.isprambiente.it/indagini/scheda_indagine.aspx?Codice=175791,POZZI IDRICI
POLISTENA,POZZO PER ACQUA,60,16°04'31.69''E,38°23'56.18''N,http://sgi2.isprambiente.it/indagini/scheda_indagine.aspx?Codice=176758,POZZI IDRICI
RIZZICONI,POZZO PER ACQUA,50,15°59'46.05''E,38°24'25.54''N,http://sgi2.isprambiente.it/indagini/scheda_indagine.aspx?Codice=16687,POZZI IDRICI
CITTANOVA,POZZO PER ACQUA,106,16°01'38.68''E,38°26'07.15''N,http://sgi2.isprambiente.it/indagini/scheda_indagine.aspx?Codice=176313,POZZI IDRICI
NICOTERA,POZZO PER ACQUA,95,15°55'37.98''E,38°33'59.22''N,http://sgi2.isprambiente.it/indagini/scheda_indagine.aspx?Codice=16772,POZZI IDRICI
MILETO,POZZO PER ACQUA,250,16°04'30.65''E,38°35'00.17''N,http://sgi2.isprambiente.it/indagini/scheda_indagine.aspx?Codice=175748,POZZI IDRICI
TAURIANOVA,POZZO PER ACQUA,272,16°00'30.71''E,38°21'47.16''N,http://sgi2.isprambiente.it/indagini/scheda_indagine.aspx?Codice=177169,POZZI IDRICI
GIOIA TAURO,POZZO PER ACQUA,42,15°55'57.28''E,38°24'07.36''N,http://sgi2.isprambiente.it/indagini/scheda_indagine.aspx?Codice=16566,POZZI IDRICI
TAURIANOVA,POZZO PER ACQUA,60,15°58'57.68''E,38°23'57.16''N,http://sgi2.isprambiente.it/indagini/scheda_indagine.aspx?Codice=177211,POZZI IDRICI
POLISTENA,POZZO PER ACQUA,70,16°04'23.70''E,38°23'55.18''N,http://sgi2.isprambiente.it/indagini/scheda_indagine.aspx?Codice=176581,POZZI IDRICI
NICOTERA,POZZO PER ACQUA,106,15°56'07.66''E,38°34'22.15''N,http://sgi2.isprambiente.it/indagini/scheda_indagine.aspx?Codice=175812,POZZI IDRICI
ROSARNO,POZZO PER ACQUA,100,16°01'26.69''E,38°26'43.15''N,http://sgi2.isprambiente.it/indagini/scheda_indagine.aspx?Codice=176980,POZZI IDRICI
POLISTENA,POZZO PER ACQUA,100,16°03'21.67''E,38°25'16.18''N,http://sgi2.isprambiente.it/indagini/scheda_indagine.aspx?Codice=176611,POZZI IDRICI
RIZZICONI,POZZO PER ACQUA,81,15°58'00.70''E,38°25'29.17''N,http://sgi2.isprambiente.it/indagini/scheda_indagine.aspx?Codice=176880,POZZI IDRICI
LIMBADI,POZZO PER ACQUA,95,15°57'54.65''E,38°34'03.14''N,http://sgi2.isprambiente.it/indagini/scheda_indagine.aspx?Codice=175651,POZZI IDRICI
CITTANOVA,POZZO PER ACQUA,92,16°04'01.70''E,38°23'35.16''N,http://sgi2.isprambiente.it/indagini/scheda_indagine.aspx?Codice=176305,POZZI IDRICI
DINAMI,POZZO PER ACQUA,200,16°07'28.67''E,38°32'19.18''N,http://sgi2.isprambiente.it/indagini/scheda_indagine.aspx?Codice=175496,POZZI IDRICI
GIOIA TAURO,POZZO PER ACQUA,100,15°56'03.70''E,38°23'48.16''N,http://sgi2.isprambiente.it/indagini/scheda_indagine.aspx?Codice=176409,POZZI IDRICI
SAN GIORGIO MORGETO,POZZO PER ACQUA,80,16°05'35.70''E,38°23'44.16''N,http://sgi2.isprambiente.it/indagini/scheda_indagine.aspx?Codice=177004,POZZI IDRICI
TAURIANOVA,POZZO PER ACQUA,42,16°00'19.69''E,38°23'38.15''N,http://sgi2.isprambiente.it/indagini/scheda_indagine.aspx?Codice=177059,POZZI IDRICI
TAURIANOVA,POZZO PER ACQUA,75,15°57'59.29''E,38°21'20.23''N,http://sgi2.isprambiente.it/indagini/scheda_indagine.aspx?Codice=16710,POZZI IDRICI
RIZZICONI,POZZO PER ACQUA,55,15°58'13.66''E,38°26'49.16''N,http://sgi2.isprambiente.it/indagini/scheda_indagine.aspx?Codice=176963,POZZI IDRICI
JOPPOLO,POZZO PER ACQUA,101,15°54'24.00''E,38°36'07.00''N,http://sgi2.isprambiente.it/indagini/scheda_indagine.aspx?Codice=16762,POZZI IDRICI
GIOIA TAURO,POZZO PER ACQUA,60,15°56'06.68''E,38°24'53.14''N,http://sgi2.isprambiente.it/indagini/scheda_indagine.aspx?Codice=176392,POZZI IDRICI
ROSARNO,POZZO PER ACQUA,93,16°01'31.69''E,38°27'01.19''N,http://sgi2.isprambiente.it/indagini/scheda_indagine.aspx?Codice=177013,POZZI IDRICI
LIMBADI,POZZO PER ACQUA,115,15°58'57.65''E,38°31'59.16''N,http://sgi2.isprambiente.it/indagini/scheda_indagine.aspx?Codice=175624,POZZI IDRICI
NICOTERA,POZZO PER ACQUA,110,15°58'02.64''E,38°32'01.14''N,http://sgi2.isprambiente.it/indagini/scheda_indagine.aspx?Codice=175808,POZZI IDRICI
NICOTERA,POZZO PER ACQUA,100,15°57'27.65''E,38°32'22.16''N,http://sgi2.isprambiente.it/indagini/scheda_indagine.aspx?Codice=176289,POZZI IDRICI
POLISTENA,POZZO PER ACQUA,100,16°05'18.67''E,38°24'11.16''N,http://sgi2.isprambiente.it/indagini/scheda_indagine.aspx?Codice=176640,POZZI IDRICI
TAURIANOVA,POZZO PER ACQUA,80,16°00'06.70''E,38°22'48.14''N,http://sgi2.isprambiente.it/indagini/scheda_indagine.aspx?Codice=177166,POZZI IDRICI
CITTANOVA,POZZO PER ACQUA,126,16°02'54.67''E,38°24'17.17''N,http://sgi2.isprambiente.it/indagini/scheda_indagine.aspx?Codice=176323,POZZI IDRICI
CITTANOVA,POZZO PER ACQUA,70,16°03'12.67''E,38°24'18.18''N,http://sgi2.isprambiente.it/indagini/scheda_indagine.aspx?Codice=176343,POZZI IDRICI
ROSARNO,POZZO PER ACQUA,35,15°57'40.68''E,38°29'15.18''N,http://sgi2.isprambiente.it/indagini/scheda_indagine.aspx?Codice=176975,POZZI IDRICI
LIMBADI,POZZO PER ACQUA,98,15°58'38.64''E,38°33'08.17''N,http://sgi2.isprambiente.it/indagini/scheda_indagine.aspx?Codice=175604,POZZI IDRICI
RIZZICONI,POZZO PER ACQUA,65,15°58'58.69''E,38°24'56.16''N,http://sgi2.isprambiente.it/indagini/scheda_indagine.aspx?Codice=177021,POZZI IDRICI
POLISTENA,POZZO PER ACQUA,104,16°05'18.71''E,38°24'03.17''N,http://sgi2.isprambiente.it/indagini/scheda_indagine.aspx?Codice=176579,POZZI IDRICI
LIMBADI,POZZO PER ACQUA,176,15°59'03.66''E,38°33'17.17''N,http://sgi2.isprambiente.it/indagini/scheda_indagine.aspx?Codice=175574,POZZI IDRICI
RIZZICONI,POZZO PER ACQUA,160,16°00'51.66''E,38°26'12.16''N,http://sgi2.isprambiente.it/indagini/scheda_indagine.aspx?Codice=177048,POZZI IDRICI
CITTANOVA,POZZO PER ACQUA,110,16°04'33.71''E,38°23'16.19''N,http://sgi2.isprambiente.it/indagini/scheda_indagine.aspx?Codice=176354,POZZI IDRICI
NICOTERA,POZZO PER ACQUA,346,15°56'58.67''E,38°31'12.14''N,http://sgi2.isprambiente.it/indagini/scheda_indagine.aspx?Codice=175827,POZZI IDRICI
SAN CALOGERO,POZZO PER ACQUA,208,16°01'33.67''E,38°33'27.14''N,http://sgi2.isprambiente.it/indagini/scheda_indagine.aspx?Codice=175845,POZZI IDRICI
POLISTENA,POZZO PER ACQUA,80,16°02'46.22''E,38°24'42.30''N,http://sgi2.isprambiente.it/indagini/scheda_indagine.aspx?Codice=16595,POZZI IDRICI
POLISTENA,POZZO PER ACQUA,80,16°02'29.69''E,38°25'18.16''N,http://sgi2.isprambiente.it/indagini/scheda_indagine.aspx?Codice=176676,POZZI IDRICI
ROSARNO,POZZO PER ACQUA,93,16°00'07.67''E,38°26'45.17''N,http://sgi2.isprambiente.it/indagini/scheda_indagine.aspx?Codice=176948,POZZI IDRICI
RIZZICONI,POZZO PER ACQUA,54,15°58'48.68''E,38°26'43.15''N,http://sgi2.isprambiente.it/indagini/scheda_indagine.aspx?Codice=176841,POZZI IDRICI
NICOTERA,POZZO PER ACQUA,100,15°57'28.66''E,38°32'22.16''N,http://sgi2.isprambiente.it/indagini/scheda_indagine.aspx?Codice=175835,POZZI IDRICI
SERRA SAN BRUNO,POZZO PER ACQUA,45,16°19'01.67''E,38°34'25.21''N,http://sgi2.isprambiente.it/indagini/scheda_indagine.aspx?Codice=153938,POZZI IDRICI
POLISTENA,POZZO PER ACQUA,100,16°02'47.69''E,38°25'01.16''N,http://sgi2.isprambiente.it/indagini/scheda_indagine.aspx?Codice=176662,POZZI IDRICI
SERRATA,POZZO PER ACQUA,43,16°03'55.68''E,38°31'11.75''N,http://sgi2.isprambiente.it/indagini/scheda_indagine.aspx?Codice=16697,POZZI IDRICI
LIMBADI,POZZO PER ACQUA,100,15°57'50.65''E,38°32'56.15''N,http://sgi2.isprambiente.it/indagini/scheda_indagine.aspx?Codice=175618,POZZI IDRICI
